F1,F2,F3,F4,F5,Label
0.293,0.291,0.294,0.335,0.294,0
0.225,0.317,0.287,0.289,0.306,0
0.312,0.358,0.333,0.306,0.263,0
0.249,0.312,0.366,0.302,0.295,0
0.327,0.227,0.284,0.325,0.344,0
0.288,0.319,0.312,0.339,0.244,0
0.328,0.224,0.169,0.27,0.254,0
0.344,0.333,0.239,0.342,0.25,0
0.296,0.285,0.306,0.341,0.332,0
0.317,0.332,0.324,0.269,0.264,0
0.277,0.325,0.287,0.417,0.259,0
0.245,0.338,0.371,0.325,0.342,0
0.371,0.295,0.229,0.273,0.348,0
0.228,0.302,0.313,0.284,0.336,0
0.329,0.416,0.331,0.27,0.272,0
0.258,0.348,0.272,0.296,0.337,0
0.264,0.285,0.208,0.246,0.272,0
0.321,0.36,0.299,0.313,0.308,0
0.354,0.345,0.314,0.249,0.345,0
0.319,0.361,0.299,0.398,0.282,0
0.38,0.306,0.274,0.244,0.292,0
0.371,0.341,0.334,0.181,0.336,0
0.328,0.273,0.269,0.3,0.386,0
0.247,0.279,0.368,0.278,0.282,0
0.305,0.238,0.311,0.24,0.344,0
0.3,0.414,0.314,0.368,0.235,0
0.294,0.316,0.387,0.216,0.35,0
0.33,0.377,0.336,0.303,0.274,0
0.238,0.31,0.29,0.401,0.269,0
0.316,0.222,0.28,0.313,0.341,0
0.372,0.298,0.244,0.323,0.326,0
0.325,0.265,0.357,0.304,0.335,0
0.364,0.33,0.314,0.408,0.312,0
0.285,0.306,0.374,0.306,0.326,0
0.36,0.274,0.214,0.315,0.311,0
0.27,0.344,0.33,0.25,0.326,0
0.29,0.226,0.323,0.298,0.263,0
0.326,0.324,0.271,0.32,0.351,0
0.264,0.319,0.3,0.413,0.207,0
0.335,0.285,0.295,0.395,0.3,0
0.412,0.278,0.318,0.275,0.265,0
0.303,0.286,0.31,0.195,0.4,0
0.292,0.387,0.25,0.315,0.458,0
0.257,0.225,0.273,0.324,0.335,0
0.365,0.287,0.22,0.278,0.362,0
0.323,0.202,0.298,0.37,0.406,0
0.328,0.315,0.238,0.258,0.302,0
0.325,0.329,0.276,0.242,0.261,0
0.242,0.332,0.184,0.283,0.322,0
0.376,0.304,0.35,0.28,0.263,0
0.266,0.376,0.35,0.324,0.467,0
0.298,0.331,0.315,0.289,0.416,0
0.375,0.23,0.28,0.321,0.339,0
0.233,0.187,0.205,0.296,0.295,0
0.317,0.262,0.239,0.199,0.316,0
0.319,0.35,0.34,0.29,0.367,0
0.293,0.267,0.274,0.271,0.192,0
0.308,0.312,0.282,0.264,0.319,0
0.386,0.302,0.275,0.27,0.297,0
0.237,0.294,0.303,0.392,0.347,0
0.352,0.264,0.333,0.243,0.316,0
0.321,0.262,0.4,0.328,0.205,0
0.328,0.28,0.3,0.323,0.32,0
0.198,0.242,0.339,0.365,0.395,0
0.39,0.197,0.338,0.204,0.381,0
0.313,0.243,0.4,0.332,0.205,0
0.315,0.263,0.306,0.277,0.369,0
0.229,0.316,0.391,0.259,0.311,0
0.31,0.266,0.332,0.305,0.253,0
0.388,0.34,0.292,0.268,0.261,0
0.362,0.293,0.323,0.291,0.331,0
0.294,0.338,0.291,0.341,0.334,0
0.294,0.257,0.253,0.263,0.251,0
0.343,0.298,0.379,0.414,0.301,0
0.223,0.281,0.296,0.226,0.287,0
0.314,0.277,0.262,0.262,0.389,0
0.292,0.259,0.281,0.348,0.266,0
0.324,0.336,0.337,0.37,0.272,0
0.357,0.26,0.28,0.36,0.341,0
0.3,0.24,0.328,0.268,0.254,0
0.268,0.312,0.194,0.318,0.309,0
0.271,0.352,0.331,0.27,0.266,0
0.335,0.224,0.283,0.268,0.303,0
0.311,0.302,0.357,0.311,0.284,0
0.239,0.336,0.326,0.373,0.263,0
0.301,0.297,0.296,0.301,0.214,0
0.341,0.333,0.357,0.412,0.284,0
0.298,0.3,0.397,0.213,0.324,0
0.226,0.171,0.199,0.231,0.353,0
0.257,0.289,0.242,0.331,0.245,0
0.366,0.25,0.262,0.306,0.301,0
0.371,0.306,0.24,0.272,0.271,0
0.336,0.319,0.294,0.343,0.274,0
0.293,0.309,0.376,0.295,0.282,0
0.248,0.334,0.271,0.317,0.205,0
0.352,0.233,0.261,0.353,0.233,0
0.296,0.304,0.25,0.367,0.375,0
0.201,0.228,0.34,0.235,0.281,0
0.306,0.335,0.289,0.305,0.261,0
0.365,0.275,0.317,0.274,0.305,0
0.292,0.292,0.249,0.34,0.371,0
0.312,0.337,0.342,0.346,0.315,0
0.311,0.343,0.303,0.251,0.301,0
0.206,0.3,0.321,0.362,0.308,0
0.346,0.3,0.249,0.229,0.252,0
0.232,0.332,0.29,0.329,0.304,0
0.352,0.353,0.268,0.286,0.273,0
0.219,0.334,0.359,0.3,0.275,0
0.355,0.183,0.309,0.307,0.271,0
0.37,0.349,0.287,0.296,0.281,0
0.274,0.235,0.369,0.351,0.34,0
0.245,0.404,0.399,0.309,0.255,0
0.257,0.321,0.254,0.298,0.354,0
0.225,0.4,0.378,0.238,0.229,0
0.286,0.248,0.287,0.171,0.289,0
0.39,0.244,0.286,0.226,0.332,0
0.289,0.397,0.31,0.281,0.328,0
0.275,0.233,0.315,0.291,0.308,0
0.319,0.274,0.321,0.387,0.245,0
0.387,0.288,0.262,0.421,0.308,0
0.369,0.341,0.216,0.306,0.274,0
0.233,0.211,0.305,0.33,0.32,0
0.285,0.26,0.251,0.272,0.248,0
0.29,0.299,0.255,0.288,0.262,0
0.3,0.325,0.309,0.324,0.217,0
0.281,0.314,0.332,0.22,0.308,0
0.36,0.291,0.295,0.323,0.312,0
0.334,0.304,0.308,0.261,0.291,0
0.363,0.29,0.292,0.275,0.339,0
0.257,0.346,0.253,0.247,0.31,0
0.307,0.315,0.353,0.279,0.322,0
0.255,0.363,0.332,0.327,0.309,0
0.261,0.284,0.325,0.299,0.306,0
0.232,0.309,0.265,0.246,0.292,0
0.207,0.335,0.343,0.297,0.25,0
0.253,0.292,0.179,0.309,0.333,0
0.284,0.275,0.309,0.318,0.355,0
0.301,0.266,0.277,0.309,0.378,0
0.284,0.247,0.256,0.195,0.316,0
0.232,0.238,0.201,0.244,0.328,0
0.234,0.213,0.309,0.283,0.322,0
0.337,0.3,0.235,0.294,0.325,0
0.271,0.228,0.355,0.279,0.28,0
0.301,0.352,0.313,0.283,0.334,0
0.407,0.369,0.334,0.244,0.488,0
0.24,0.281,0.265,0.381,0.321,0
0.229,0.313,0.327,0.284,0.239,0
0.264,0.278,0.301,0.274,0.337,0
0.253,0.213,0.263,0.367,0.271,0
0.417,0.325,0.242,0.258,0.312,0
0.241,0.419,0.25,0.334,0.373,0
0.295,0.25,0.286,0.318,0.344,0
0.303,0.23,0.302,0.266,0.191,0
0.265,0.228,0.329,0.397,0.393,0
0.271,0.277,0.334,0.353,0.279,0
0.293,0.41,0.295,0.276,0.306,0
0.329,0.249,0.288,0.242,0.286,0
0.394,0.337,0.295,0.253,0.284,0
0.353,0.272,0.373,0.231,0.285,0
0.387,0.2,0.359,0.207,0.295,0
0.291,0.341,0.142,0.204,0.272,0
0.302,0.255,0.289,0.241,0.28,0
0.258,0.312,0.329,0.372,0.267,0
0.284,0.302,0.285,0.297,0.222,0
0.319,0.254,0.252,0.221,0.358,0
0.293,0.357,0.314,0.215,0.246,0
0.338,0.262,0.245,0.291,0.291,0
0.249,0.284,0.276,0.171,0.325,0
0.259,0.365,0.242,0.221,0.359,0
0.221,0.268,0.33,0.284,0.217,0
0.309,0.29,0.364,0.329,0.452,0
0.218,0.299,0.247,0.358,0.341,0
0.338,0.261,0.263,0.199,0.385,0
0.325,0.287,0.347,0.338,0.349,0
0.219,0.264,0.31,0.318,0.348,0
0.25,0.306,0.41,0.335,0.344,0
0.299,0.338,0.39,0.305,0.361,0
0.256,0.33,0.345,0.262,0.355,0
0.266,0.26,0.3,0.397,0.315,0
0.347,0.263,0.304,0.241,0.271,0
0.342,0.298,0.373,0.29,0.29,0
0.364,0.268,0.224,0.365,0.321,0
0.192,0.302,0.28,0.387,0.264,0
0.271,0.254,0.247,0.265,0.228,0
0.248,0.22,0.225,0.222,0.274,0
0.266,0.239,0.324,0.298,0.278,0
0.277,0.38,0.312,0.324,0.171,0
0.267,0.191,0.279,0.319,0.266,0
0.326,0.249,0.329,0.222,0.287,0
0.321,0.327,0.294,0.397,0.279,0
0.277,0.162,0.388,0.282,0.241,0
0.366,0.362,0.305,0.228,0.321,0
0.269,0.241,0.352,0.193,0.328,0
0.323,0.403,0.316,0.197,0.258,0
0.303,0.318,0.349,0.202,0.284,0
0.348,0.377,0.393,0.28,0.355,0
0.386,0.36,0.336,0.341,0.261,0
0.228,0.349,0.283,0.299,0.271,0
0.28,0.312,0.249,0.303,0.312,0
0.296,0.263,0.339,0.394,0.27,0
0.362,0.344,0.167,0.262,0.268,0
0.339,0.309,0.324,0.332,0.255,0
0.263,0.239,0.291,0.294,0.309,0
0.264,0.345,0.346,0.377,0.336,0
0.309,0.334,0.33,0.267,0.364,0
0.386,0.399,0.302,0.316,0.321,0
0.3,0.331,0.294,0.29,0.388,0
0.308,0.303,0.344,0.308,0.315,0
0.297,0.239,0.298,0.243,0.311,0
0.241,0.346,0.337,0.314,0.295,0
0.321,0.202,0.245,0.293,0.317,0
0.296,0.25,0.307,0.277,0.247,0
0.316,0.29,0.36,0.333,0.337,0
0.316,0.258,0.253,0.226,0.444,0
0.246,0.29,0.282,0.286,0.271,0
0.207,0.25,0.23,0.294,0.266,0
0.266,0.311,0.271,0.347,0.281,0
0.311,0.234,0.333,0.28,0.32,0
0.317,0.291,0.311,0.281,0.367,0
0.347,0.324,0.241,0.245,0.267,0
0.288,0.322,0.255,0.359,0.3,0
0.199,0.276,0.171,0.262,0.273,0
0.269,0.284,0.28,0.27,0.375,0
0.361,0.243,0.363,0.219,0.259,0
0.376,0.188,0.329,0.237,0.293,0
0.291,0.385,0.259,0.297,0.331,0
0.287,0.259,0.297,0.305,0.344,0
0.253,0.278,0.316,0.292,0.291,0
0.299,0.265,0.26,0.322,0.245,0
0.358,0.311,0.236,0.314,0.308,0
0.338,0.358,0.282,0.265,0.27,0
0.251,0.263,0.314,0.301,0.275,0
0.263,0.317,0.275,0.248,0.292,0
0.287,0.246,0.341,0.342,0.302,0
0.307,0.326,0.298,0.345,0.383,0
0.304,0.322,0.344,0.283,0.244,0
0.345,0.222,0.389,0.344,0.309,0
0.303,0.388,0.253,0.242,0.27,0
0.287,0.25,0.308,0.307,0.259,0
0.38,0.23,0.236,0.319,0.29,0
0.321,0.269,0.248,0.268,0.266,0
0.326,0.276,0.338,0.329,0.352,0
0.345,0.339,0.338,0.274,0.287,0
0.208,0.315,0.266,0.32,0.326,0
0.232,0.249,0.283,0.274,0.308,0
0.242,0.302,0.216,0.192,0.336,0
0.235,0.272,0.229,0.23,0.28,0
0.279,0.349,0.322,0.287,0.338,0
0.356,0.321,0.28,0.351,0.388,0
0.333,0.389,0.346,0.342,0.245,0
0.244,0.298,0.217,0.27,0.343,0
0.267,0.327,0.232,0.275,0.351,0
0.31,0.315,0.385,0.365,0.256,0
0.366,0.269,0.299,0.301,0.354,0
0.244,0.323,0.326,0.341,0.289,0
0.35,0.264,0.357,0.318,0.23,0
0.32,0.309,0.282,0.263,0.288,0
0.228,0.385,0.244,0.267,0.357,0
0.329,0.336,0.376,0.284,0.248,0
0.342,0.34,0.284,0.237,0.362,0
0.329,0.231,0.339,0.228,0.276,0
0.244,0.268,0.258,0.269,0.336,0
0.315,0.331,0.355,0.281,0.304,0
0.327,0.385,0.345,0.369,0.351,0
0.353,0.211,0.344,0.311,0.303,0
0.274,0.279,0.321,0.342,0.225,0
0.311,0.272,0.252,0.32,0.284,0
0.267,0.262,0.314,0.299,0.245,0
0.258,0.291,0.32,0.248,0.324,0
0.259,0.436,0.253,0.26,0.31,0
0.255,0.341,0.39,0.281,0.309,0
0.274,0.3,0.372,0.345,0.255,0
0.377,0.358,0.324,0.267,0.303,0
0.26,0.323,0.284,0.188,0.346,0
0.31,0.354,0.293,0.309,0.356,0
0.319,0.314,0.461,0.292,0.308,0
0.387,0.26,0.248,0.228,0.327,0
0.331,0.337,0.232,0.35,0.36,0
0.295,0.302,0.334,0.318,0.332,0
0.246,0.291,0.239,0.332,0.327,0
0.295,0.315,0.222,0.343,0.277,0
0.306,0.356,0.262,0.36,0.306,0
0.301,0.328,0.238,0.33,0.303,0
0.352,0.289,0.282,0.318,0.297,0
0.241,0.29,0.363,0.295,0.256,0
0.336,0.207,0.194,0.3,0.309,0
0.311,0.255,0.292,0.23,0.311,0
0.219,0.293,0.313,0.212,0.274,0
0.339,0.377,0.225,0.317,0.238,0
0.233,0.38,0.333,0.26,0.311,0
0.332,0.309,0.412,0.33,0.15,0
0.285,0.263,0.29,0.301,0.267,0
0.246,0.368,0.33,0.266,0.334,0
0.334,0.363,0.247,0.339,0.27,0
0.358,0.29,0.186,0.302,0.211,0
0.289,0.297,0.28,0.226,0.244,0
0.258,0.288,0.364,0.335,0.276,0
0.364,0.232,0.334,0.291,0.312,0
0.332,0.266,0.34,0.3,0.421,0
0.285,0.363,0.332,0.241,0.368,0
0.247,0.188,0.343,0.353,0.303,0
0.287,0.379,0.336,0.267,0.337,0
0.238,0.272,0.247,0.19,0.241,0
0.361,0.245,0.272,0.242,0.343,0
0.3,0.325,0.295,0.241,0.251,0
0.342,0.297,0.339,0.142,0.356,0
0.275,0.409,0.274,0.301,0.333,0
0.256,0.344,0.268,0.364,0.34,0
0.325,0.264,0.289,0.315,0.198,0
0.272,0.347,0.237,0.364,0.269,0
0.316,0.243,0.324,0.323,0.357,0
0.368,0.363,0.31,0.239,0.366,0
0.235,0.278,0.337,0.322,0.38,0
0.3,0.215,0.286,0.309,0.282,0
0.371,0.288,0.228,0.323,0.243,0
0.385,0.314,0.23,0.354,0.418,0
0.2,0.345,0.324,0.309,0.317,0
0.325,0.265,0.371,0.233,0.398,0
0.376,0.241,0.3,0.371,0.275,0
0.292,0.28,0.358,0.27,0.3,0
0.327,0.29,0.257,0.233,0.224,0
0.241,0.214,0.264,0.315,0.303,0
0.259,0.249,0.25,0.231,0.238,0
0.336,0.23,0.301,0.269,0.421,0
0.21,0.31,0.283,0.261,0.316,0
0.308,0.247,0.321,0.319,0.365,0
0.27,0.374,0.29,0.201,0.326,0
0.296,0.256,0.347,0.276,0.351,0
0.296,0.338,0.334,0.324,0.248,0
0.346,0.301,0.4,0.324,0.338,0
0.262,0.28,0.305,0.241,0.241,0
0.295,0.296,0.31,0.356,0.28,0
0.334,0.293,0.29,0.313,0.197,0
0.303,0.268,0.254,0.206,0.278,0
0.206,0.344,0.288,0.216,0.266,0
0.338,0.27,0.286,0.282,0.294,0
0.215,0.298,0.272,0.448,0.289,0
0.277,0.349,0.292,0.313,0.256,0
0.378,0.269,0.319,0.357,0.285,0
0.3,0.329,0.334,0.245,0.309,0
0.253,0.263,0.268,0.361,0.38,0
0.43,0.297,0.258,0.252,0.38,0
0.223,0.284,0.272,0.387,0.249,0
0.355,0.366,0.292,0.323,0.223,0
0.296,0.289,0.171,0.321,0.318,0
0.215,0.229,0.263,0.274,0.285,0
0.252,0.25,0.315,0.276,0.295,0
0.289,0.323,0.292,0.343,0.305,0
0.344,0.362,0.227,0.346,0.389,0
0.251,0.298,0.282,0.322,0.326,0
0.267,0.366,0.257,0.293,0.351,0
0.398,0.274,0.339,0.311,0.221,0
0.252,0.24,0.275,0.279,0.301,0
0.364,0.321,0.433,0.288,0.339,0
0.321,0.375,0.281,0.342,0.381,0
0.264,0.296,0.325,0.278,0.256,0
0.392,0.289,0.387,0.275,0.29,0
0.34,0.29,0.255,0.264,0.314,0
0.267,0.304,0.187,0.272,0.291,0
0.274,0.25,0.256,0.304,0.374,0
0.23,0.286,0.349,0.317,0.295,0
0.277,0.301,0.295,0.191,0.264,0
0.203,0.365,0.341,0.261,0.34,0
0.422,0.269,0.365,0.318,0.288,0
0.245,0.272,0.28,0.184,0.327,0
0.284,0.323,0.279,0.45,0.217,0
0.253,0.335,0.418,0.25,0.391,0
0.254,0.365,0.304,0.411,0.389,0
0.268,0.447,0.244,0.284,0.39,0
0.263,0.268,0.307,0.323,0.319,0
0.263,0.31,0.332,0.375,0.316,0
0.237,0.301,0.269,0.366,0.216,0
0.328,0.247,0.364,0.339,0.311,0
0.325,0.283,0.334,0.298,0.337,0
0.303,0.176,0.274,0.376,0.373,0
0.305,0.294,0.283,0.332,0.329,0
0.251,0.333,0.362,0.252,0.291,0
0.323,0.336,0.279,0.274,0.277,0
0.319,0.321,0.299,0.232,0.246,0
0.332,0.239,0.311,0.282,0.27,0
0.301,0.384,0.314,0.285,0.226,0
0.326,0.357,0.33,0.358,0.324,0
0.235,0.298,0.326,0.336,0.275,0
0.297,0.318,0.364,0.35,0.332,0
0.32,0.249,0.245,0.295,0.352,0
0.32,0.328,0.225,0.227,0.356,0
0.298,0.234,0.344,0.313,0.448,0
0.363,0.317,0.292,0.312,0.295,0
0.228,0.346,0.314,0.162,0.268,0
0.259,0.349,0.298,0.374,0.22,0
0.246,0.353,0.267,0.247,0.274,0
0.262,0.327,0.356,0.221,0.285,0
0.301,0.304,0.342,0.306,0.271,0
0.244,0.209,0.281,0.301,0.346,0
0.281,0.416,0.296,0.276,0.319,0
0.251,0.31,0.197,0.334,0.303,0
0.311,0.308,0.236,0.255,0.378,0
0.325,0.27,0.321,0.32,0.398,0
0.356,0.321,0.278,0.389,0.295,0
0.256,0.239,0.257,0.282,0.338,0
0.346,0.358,0.308,0.342,0.413,0
0.346,0.38,0.224,0.263,0.262,0
0.166,0.304,0.37,0.273,0.31,0
0.257,0.275,0.314,0.24,0.359,0
0.204,0.316,0.275,0.374,0.338,0
0.196,0.179,0.25,0.275,0.291,0
0.302,0.334,0.232,0.21,0.313,0
0.282,0.295,0.268,0.291,0.374,0
0.219,0.239,0.332,0.378,0.29,0
0.237,0.2,0.313,0.238,0.409,0
0.417,0.311,0.324,0.294,0.357,0
0.3,0.303,0.368,0.331,0.407,0
0.218,0.272,0.255,0.342,0.275,0
0.33,0.242,0.295,0.415,0.382,0
0.206,0.318,0.341,0.275,0.245,0
0.333,0.305,0.328,0.292,0.417,0
0.254,0.275,0.326,0.337,0.231,0
0.365,0.227,0.3,0.285,0.265,0
0.357,0.183,0.263,0.255,0.344,0
0.378,0.339,0.37,0.189,0.308,0
0.231,0.281,0.312,0.305,0.369,0
0.201,0.258,0.226,0.218,0.35,0
0.309,0.378,0.359,0.303,0.252,0
0.35,0.265,0.24,0.242,0.306,0
0.363,0.303,0.361,0.305,0.279,0
0.436,0.391,0.31,0.258,0.22,0
0.32,0.287,0.323,0.316,0.322,0
0.357,0.316,0.264,0.261,0.329,0
0.246,0.336,0.336,0.298,0.261,0
0.211,0.244,0.219,0.301,0.278,0
0.254,0.344,0.306,0.302,0.328,0
0.352,0.22,0.335,0.21,0.26,0
0.351,0.335,0.333,0.309,0.371,0
0.223,0.285,0.302,0.402,0.351,0
0.352,0.262,0.412,0.324,0.25,0
0.417,0.229,0.257,0.288,0.251,0
0.326,0.314,0.306,0.395,0.218,0
0.368,0.259,0.373,0.395,0.415,0
0.29,0.242,0.316,0.297,0.212,0
0.337,0.254,0.372,0.348,0.286,0
0.302,0.288,0.277,0.455,0.253,0
0.303,0.35,0.281,0.269,0.234,0
0.36,0.336,0.323,0.225,0.325,0
0.314,0.283,0.231,0.297,0.256,0
0.304,0.303,0.283,0.344,0.297,0
0.326,0.321,0.35,0.252,0.283,0
0.346,0.308,0.356,0.337,0.278,0
0.344,0.287,0.348,0.393,0.355,0
0.414,0.222,0.273,0.287,0.28,0
0.319,0.282,0.355,0.349,0.321,0
0.249,0.327,0.334,0.318,0.302,0
0.37,0.273,0.282,0.333,0.327,0
0.343,0.286,0.234,0.238,0.278,0
0.34,0.34,0.209,0.327,0.296,0
0.248,0.41,0.313,0.341,0.428,0
0.271,0.28,0.374,0.235,0.304,0
0.302,0.349,0.32,0.254,0.349,0
0.342,0.247,0.266,0.274,0.243,0
0.353,0.284,0.286,0.248,0.28,0
0.374,0.337,0.219,0.251,0.332,0
0.275,0.272,0.257,0.233,0.305,0
0.281,0.357,0.297,0.252,0.335,0
0.367,0.263,0.215,0.276,0.233,0
0.382,0.231,0.284,0.374,0.344,0
0.274,0.261,0.291,0.288,0.375,0
0.292,0.233,0.349,0.352,0.289,0
0.339,0.303,0.24,0.296,0.243,0
0.268,0.253,0.317,0.309,0.234,0
0.254,0.3,0.323,0.304,0.19,0
0.364,0.389,0.379,0.327,0.334,0
0.267,0.309,0.243,0.306,0.229,0
0.329,0.282,0.338,0.309,0.277,0
0.342,0.241,0.287,0.273,0.337,0
0.296,0.314,0.326,0.183,0.254,0
0.306,0.351,0.329,0.366,0.289,0
0.305,0.275,0.278,0.258,0.273,0
0.29,0.267,0.301,0.209,0.321,0
0.309,0.322,0.277,0.275,0.349,0
0.292,0.399,0.23,0.288,0.244,0
0.261,0.261,0.276,0.339,0.243,0
0.331,0.228,0.28,0.366,0.323,0
0.314,0.332,0.329,0.331,0.37,0
0.248,0.296,0.332,0.337,0.328,0
0.365,0.275,0.233,0.364,0.3,0
0.273,0.302,0.278,0.35,0.345,0
0.316,0.327,0.302,0.351,0.182,0
0.242,0.298,0.279,0.252,0.331,0
0.251,0.311,0.306,0.303,0.259,0
0.29,0.361,0.327,0.348,0.296,0
0.215,0.277,0.292,0.365,0.357,0
0.321,0.257,0.306,0.287,0.288,0
0.238,0.323,0.299,0.34,0.227,0
0.244,0.482,0.256,0.314,0.322,0
0.251,0.386,0.297,0.307,0.391,0
0.26,0.276,0.283,0.231,0.314,0
0.324,0.309,0.333,0.343,0.317,0
0.288,0.361,0.265,0.37,0.29,0
0.338,0.391,0.187,0.29,0.28,0
0.385,0.28,0.436,0.224,0.317,0
0.281,0.325,0.272,0.277,0.209,0
0.305,0.225,0.235,0.304,0.294,0
0.351,0.232,0.321,0.316,0.285,0
0.26,0.296,0.344,0.281,0.342,0
0.286,0.386,0.301,0.291,0.219,0
0.229,0.319,0.289,0.314,0.266,0
0.292,0.269,0.315,0.289,0.393,0
0.266,0.356,0.247,0.277,0.258,0
0.363,0.322,0.307,0.312,0.246,0
0.37,0.369,0.298,0.301,0.332,0
0.291,0.29,0.275,0.283,0.276,0
0.336,0.284,0.279,0.269,0.225,0
0.378,0.325,0.343,0.274,0.373,0
0.307,0.373,0.299,0.298,0.274,0
0.304,0.311,0.375,0.377,0.304,0
0.361,0.164,0.276,0.312,0.344,0
0.321,0.297,0.277,0.26,0.395,0
0.356,0.365,0.301,0.273,0.328,0
0.299,0.294,0.299,0.268,0.256,0
0.288,0.231,0.33,0.342,0.262,0
0.209,0.32,0.312,0.301,0.233,0
0.204,0.386,0.289,0.325,0.296,0
0.321,0.236,0.278,0.232,0.246,0
0.265,0.21,0.277,0.264,0.241,0
0.293,0.299,0.258,0.401,0.336,0
0.356,0.284,0.345,0.338,0.249,0
0.266,0.446,0.279,0.324,0.289,0
0.342,0.25,0.25,0.357,0.31,0
0.176,0.301,0.291,0.336,0.316,0
0.317,0.304,0.315,0.242,0.259,0
0.257,0.233,0.339,0.354,0.331,0
0.27,0.273,0.278,0.356,0.326,0
0.387,0.252,0.289,0.237,0.229,0
0.292,0.283,0.274,0.223,0.31,0
0.286,0.346,0.328,0.234,0.32,0
0.27,0.377,0.299,0.275,0.28,0
0.225,0.364,0.406,0.214,0.287,0
0.294,0.27,0.361,0.362,0.288,0
0.404,0.302,0.288,0.314,0.263,0
0.373,0.331,0.282,0.291,0.255,0
0.313,0.235,0.3,0.274,0.328,0
0.352,0.339,0.294,0.265,0.285,0
0.299,0.324,0.272,0.252,0.309,0
0.368,0.394,0.34,0.25,0.37,0
0.258,0.261,0.321,0.231,0.34,0
0.297,0.32,0.259,0.342,0.326,0
0.282,0.347,0.167,0.318,0.295,0
0.26,0.309,0.325,0.263,0.294,0
0.298,0.32,0.361,0.277,0.366,0
0.235,0.315,0.214,0.304,0.336,0
0.401,0.302,0.263,0.351,0.302,0
0.305,0.346,0.355,0.213,0.303,0
0.299,0.247,0.219,0.297,0.277,0
0.264,0.293,0.282,0.301,0.379,0
0.298,0.394,0.362,0.348,0.264,0
0.285,0.254,0.321,0.297,0.322,0
0.315,0.308,0.282,0.251,0.278,0
0.336,0.292,0.297,0.343,0.324,0
0.226,0.296,0.256,0.297,0.32,0
0.325,0.383,0.275,0.285,0.329,0
0.348,0.248,0.334,0.333,0.292,0
0.286,0.337,0.321,0.32,0.263,0
0.214,0.295,0.286,0.323,0.262,0
0.332,0.32,0.263,0.347,0.283,0
0.265,0.313,0.299,0.255,0.331,0
0.3,0.262,0.212,0.321,0.305,0
0.306,0.369,0.175,0.363,0.368,0
0.251,0.351,0.259,0.248,0.295,0
0.391,0.318,0.302,0.344,0.269,0
0.375,0.379,0.321,0.261,0.354,0
0.315,0.332,0.357,0.322,0.255,0
0.375,0.314,0.316,0.331,0.316,0
0.337,0.31,0.291,0.272,0.274,0
0.286,0.349,0.283,0.294,0.295,0
0.327,0.332,0.399,0.23,0.289,0
0.329,0.216,0.387,0.294,0.26,0
0.349,0.19,0.311,0.25,0.299,0
0.319,0.34,0.321,0.404,0.303,0
0.283,0.361,0.297,0.321,0.103,0
0.323,0.296,0.278,0.267,0.345,0
0.198,0.457,0.358,0.318,0.395,0
0.314,0.255,0.351,0.218,0.33,0
0.36,0.327,0.227,0.31,0.294,0
0.263,0.184,0.241,0.275,0.356,0
0.438,0.343,0.261,0.279,0.354,0
0.331,0.32,0.312,0.36,0.412,0
0.3,0.308,0.325,0.277,0.19,0
0.325,0.263,0.366,0.309,0.375,0
0.257,0.357,0.218,0.347,0.288,0
0.347,0.282,0.334,0.325,0.319,0
0.322,0.384,0.272,0.37,0.282,0
0.36,0.417,0.26,0.192,0.308,0
0.265,0.274,0.284,0.273,0.372,0
0.356,0.358,0.416,0.261,0.175,0
0.401,0.313,0.297,0.21,0.232,0
0.335,0.293,0.192,0.253,0.352,0
0.364,0.311,0.442,0.351,0.391,0
0.367,0.342,0.233,0.22,0.263,0
0.313,0.3,0.319,0.299,0.324,0
0.349,0.3,0.286,0.169,0.344,0
0.261,0.255,0.343,0.346,0.334,0
0.348,0.245,0.289,0.272,0.386,0
0.343,0.288,0.342,0.319,0.294,0
0.323,0.343,0.293,0.237,0.318,0
0.287,0.243,0.262,0.288,0.301,0
0.328,0.289,0.322,0.281,0.327,0
0.32,0.328,0.372,0.286,0.22,0
0.296,0.34,0.301,0.316,0.214,0
0.258,0.327,0.339,0.262,0.318,0
0.264,0.242,0.304,0.311,0.32,0
0.337,0.384,0.347,0.282,0.347,0
0.227,0.305,0.353,0.334,0.341,0
0.396,0.263,0.34,0.295,0.356,0
0.306,0.339,0.377,0.332,0.29,0
0.282,0.265,0.352,0.366,0.288,0
0.21,0.268,0.322,0.253,0.202,0
0.278,0.198,0.316,0.28,0.303,0
0.365,0.255,0.193,0.299,0.323,0
0.229,0.282,0.283,0.301,0.269,0
0.433,0.287,0.309,0.276,0.168,0
0.369,0.142,0.368,0.234,0.232,0
0.295,0.41,0.316,0.29,0.262,0
0.333,0.281,0.336,0.202,0.326,0
0.316,0.232,0.248,0.293,0.276,0
0.315,0.228,0.256,0.406,0.258,0
0.279,0.291,0.286,0.36,0.271,0
0.343,0.257,0.339,0.289,0.291,0
0.296,0.328,0.24,0.251,0.402,0
0.325,0.282,0.332,0.297,0.187,0
0.308,0.294,0.317,0.261,0.289,0
0.357,0.292,0.279,0.318,0.28,0
0.353,0.291,0.318,0.265,0.238,0
0.336,0.313,0.332,0.337,0.227,0
0.306,0.2,0.326,0.246,0.323,0
0.336,0.273,0.299,0.361,0.217,0
0.332,0.306,0.347,0.217,0.3,0
0.355,0.368,0.262,0.286,0.392,0
0.229,0.298,0.309,0.309,0.253,0
0.348,0.344,0.391,0.26,0.276,0
0.355,0.391,0.3,0.224,0.289,0
0.348,0.334,0.356,0.396,0.278,0
0.255,0.24,0.294,0.351,0.386,0
0.311,0.301,0.293,0.361,0.262,0
0.295,0.296,0.299,0.39,0.255,0
0.423,0.267,0.259,0.267,0.332,0
0.299,0.356,0.259,0.216,0.281,0
0.314,0.227,0.295,0.327,0.26,0
0.259,0.245,0.293,0.323,0.437,0
0.358,0.237,0.223,0.294,0.379,0
0.333,0.274,0.35,0.369,0.373,0
0.247,0.322,0.236,0.26,0.236,0
0.287,0.228,0.339,0.299,0.257,0
0.324,0.377,0.317,0.271,0.286,0
0.295,0.265,0.214,0.281,0.362,0
0.259,0.203,0.296,0.355,0.214,0
0.31,0.321,0.327,0.328,0.33,0
0.221,0.331,0.369,0.289,0.319,0
0.249,0.365,0.269,0.382,0.281,0
0.334,0.273,0.394,0.201,0.318,0
0.196,0.24,0.395,0.345,0.199,0
0.3,0.269,0.328,0.393,0.333,0
0.322,0.325,0.245,0.335,0.346,0
0.269,0.268,0.372,0.31,0.243,0
0.279,0.277,0.297,0.296,0.288,0
0.384,0.342,0.374,0.215,0.306,0
0.359,0.336,0.266,0.262,0.348,0
0.289,0.332,0.308,0.294,0.306,0
0.259,0.385,0.327,0.37,0.274,0
0.273,0.284,0.257,0.334,0.336,0
0.274,0.284,0.319,0.262,0.28,0
0.378,0.263,0.274,0.425,0.194,0
0.241,0.39,0.28,0.325,0.406,0
0.264,0.27,0.321,0.296,0.274,0
0.293,0.234,0.323,0.342,0.292,0
0.289,0.327,0.273,0.285,0.297,0
0.374,0.298,0.294,0.292,0.281,0
0.252,0.254,0.343,0.272,0.305,0
0.276,0.234,0.277,0.37,0.279,0
0.266,0.279,0.283,0.311,0.279,0
0.295,0.275,0.318,0.316,0.311,0
0.332,0.295,0.361,0.323,0.374,0
0.296,0.314,0.266,0.301,0.341,0
0.282,0.375,0.301,0.379,0.248,0
0.286,0.275,0.351,0.332,0.296,0
0.277,0.299,0.336,0.342,0.297,0
0.278,0.305,0.306,0.313,0.277,0
0.387,0.269,0.376,0.37,0.347,0
0.394,0.328,0.284,0.274,0.266,0
0.342,0.226,0.229,0.377,0.351,0
0.321,0.346,0.339,0.291,0.227,0
0.364,0.322,0.231,0.307,0.277,0
0.294,0.284,0.328,0.29,0.242,0
0.334,0.324,0.229,0.32,0.344,0
0.292,0.309,0.262,0.212,0.326,0
0.296,0.321,0.288,0.287,0.308,0
0.297,0.343,0.279,0.228,0.307,0
0.235,0.173,0.245,0.278,0.26,0
0.223,0.289,0.361,0.341,0.3,0
0.346,0.278,0.256,0.334,0.246,0
0.317,0.299,0.282,0.277,0.357,0
0.221,0.313,0.286,0.263,0.302,0
0.316,0.297,0.312,0.371,0.27,0
0.321,0.213,0.323,0.207,0.332,0
0.276,0.308,0.227,0.301,0.341,0
0.331,0.299,0.3,0.357,0.337,0
0.269,0.271,0.266,0.298,0.242,0
0.192,0.289,0.313,0.309,0.354,0
0.235,0.274,0.228,0.312,0.295,0
0.276,0.302,0.265,0.249,0.379,0
0.341,0.291,0.223,0.289,0.329,0
0.308,0.35,0.361,0.296,0.277,0
0.275,0.279,0.345,0.279,0.216,0
0.323,0.295,0.277,0.202,0.359,0
0.335,0.243,0.308,0.246,0.232,0
0.195,0.339,0.344,0.285,0.297,0
0.388,0.262,0.241,0.306,0.327,0
0.285,0.229,0.262,0.334,0.336,0
0.216,0.239,0.251,0.299,0.41,0
0.286,0.303,0.26,0.429,0.27,0
0.274,0.308,0.234,0.34,0.3,0
0.258,0.27,0.205,0.272,0.186,0
0.277,0.275,0.271,0.271,0.258,0
0.362,0.372,0.292,0.357,0.285,0
0.285,0.259,0.335,0.331,0.235,0
0.308,0.274,0.255,0.299,0.204,0
0.278,0.394,0.322,0.243,0.328,0
0.304,0.284,0.271,0.3,0.27,0
0.291,0.337,0.341,0.235,0.277,0
0.38,0.39,0.318,0.38,0.36,0
0.293,0.2,0.297,0.236,0.307,0
0.387,0.312,0.261,0.242,0.202,0
0.205,0.381,0.343,0.293,0.292,0
0.297,0.299,0.37,0.32,0.201,0
0.353,0.204,0.28,0.231,0.302,0
0.237,0.231,0.248,0.341,0.291,0
0.333,0.368,0.312,0.329,0.252,0
0.296,0.243,0.328,0.345,0.348,0
0.299,0.345,0.293,0.272,0.325,0
0.336,0.41,0.336,0.245,0.251,0
0.235,0.304,0.245,0.368,0.285,0
0.332,0.308,0.317,0.248,0.298,0
0.279,0.295,0.306,0.334,0.277,0
0.341,0.316,0.382,0.134,0.268,0
0.363,0.174,0.374,0.304,0.198,0
0.336,0.247,0.254,0.373,0.281,0
0.252,0.4,0.346,0.283,0.261,0
0.29,0.379,0.251,0.236,0.364,0
0.286,0.305,0.326,0.28,0.179,0
0.289,0.362,0.409,0.294,0.299,0
0.368,0.33,0.315,0.201,0.279,0
0.311,0.224,0.282,0.385,0.287,0
0.228,0.206,0.299,0.271,0.257,0
0.311,0.314,0.309,0.318,0.239,0
0.268,0.284,0.297,0.349,0.264,0
0.261,0.374,0.308,0.23,0.284,0
0.238,0.243,0.233,0.26,0.403,0
0.351,0.369,0.354,0.293,0.32,0
0.305,0.247,0.242,0.345,0.239,0
0.31,0.333,0.338,0.318,0.24,0
0.327,0.293,0.251,0.201,0.323,0
0.222,0.215,0.387,0.24,0.279,0
0.304,0.304,0.249,0.265,0.34,0
0.286,0.299,0.192,0.271,0.343,0
0.264,0.252,0.319,0.33,0.317,0
0.272,0.337,0.381,0.358,0.222,0
0.446,0.234,0.239,0.315,0.295,0
0.318,0.366,0.347,0.255,0.304,0
0.351,0.353,0.356,0.341,0.335,0
0.274,0.234,0.321,0.277,0.362,0
0.256,0.281,0.279,0.348,0.338,0
0.301,0.315,0.381,0.212,0.337,0
0.354,0.361,0.34,0.261,0.273,0
0.333,0.271,0.29,0.225,0.24,0
0.317,0.279,0.262,0.291,0.315,0
0.287,0.309,0.304,0.287,0.299,0
0.256,0.275,0.208,0.242,0.241,0
0.28,0.357,0.3,0.308,0.253,0
0.314,0.385,0.296,0.259,0.242,0
0.313,0.253,0.336,0.249,0.217,0
0.324,0.235,0.33,0.352,0.27,0
0.31,0.37,0.277,0.38,0.284,0
0.253,0.305,0.311,0.357,0.344,0
0.318,0.333,0.309,0.34,0.274,0
0.246,0.31,0.434,0.34,0.265,0
0.37,0.207,0.287,0.32,0.266,0
0.27,0.292,0.273,0.261,0.246,0
0.222,0.252,0.295,0.35,0.267,0
0.239,0.38,0.243,0.305,0.253,0
0.264,0.319,0.323,0.364,0.333,0
0.308,0.331,0.248,0.361,0.327,0
0.324,0.33,0.226,0.243,0.307,0
0.307,0.329,0.305,0.291,0.363,0
0.317,0.337,0.36,0.363,0.316,0
0.336,0.313,0.354,0.414,0.248,0
0.262,0.379,0.309,0.279,0.265,0
0.347,0.328,0.4,0.295,0.345,0
0.383,0.228,0.247,0.314,0.271,0
0.279,0.267,0.293,0.255,0.236,0
0.319,0.306,0.349,0.326,0.321,0
0.338,0.254,0.275,0.314,0.347,0
0.332,0.289,0.291,0.312,0.242,0
0.342,0.339,0.346,0.35,0.35,0
0.206,0.311,0.229,0.252,0.293,0
0.359,0.317,0.312,0.389,0.312,0
0.253,0.23,0.256,0.306,0.223,0
0.322,0.315,0.264,0.305,0.326,0
0.268,0.337,0.264,0.329,0.373,0
0.316,0.236,0.304,0.304,0.257,0
0.237,0.281,0.343,0.341,0.36,0
0.298,0.398,0.258,0.322,0.288,0
0.375,0.302,0.248,0.312,0.244,0
0.256,0.346,0.299,0.343,0.256,0
0.365,0.291,0.202,0.255,0.23,0
0.227,0.326,0.318,0.33,0.263,0
0.327,0.227,0.276,0.292,0.271,0
0.305,0.299,0.324,0.315,0.348,0
0.276,0.333,0.314,0.312,0.307,0
0.192,0.396,0.254,0.26,0.284,0
0.234,0.387,0.269,0.266,0.259,0
0.322,0.37,0.314,0.261,0.366,0
0.314,0.264,0.296,0.307,0.312,0
0.3,0.301,0.393,0.442,0.309,0
0.254,0.247,0.341,0.219,0.291,0
0.32,0.309,0.28,0.392,0.34,0
0.276,0.339,0.291,0.274,0.28,0
0.359,0.272,0.296,0.351,0.315,0
0.312,0.267,0.417,0.341,0.182,0
0.365,0.236,0.231,0.265,0.363,0
0.286,0.311,0.216,0.354,0.287,0
0.236,0.316,0.324,0.304,0.365,0
0.329,0.375,0.297,0.305,0.343,0
0.358,0.283,0.394,0.306,0.3,0
0.322,0.257,0.218,0.403,0.353,0
0.254,0.307,0.331,0.276,0.372,0
0.275,0.35,0.268,0.325,0.377,0
0.324,0.276,0.311,0.336,0.279,0
0.28,0.388,0.37,0.267,0.234,0
0.236,0.244,0.286,0.296,0.231,0
0.308,0.155,0.307,0.38,0.239,0
0.156,0.308,0.335,0.28,0.311,0
0.365,0.384,0.33,0.238,0.308,0
0.25,0.299,0.288,0.271,0.377,0
0.289,0.226,0.319,0.334,0.303,0
0.261,0.278,0.271,0.275,0.265,0
0.289,0.232,0.312,0.261,0.344,0
0.319,0.375,0.232,0.371,0.294,0
0.331,0.344,0.348,0.303,0.323,0
0.295,0.336,0.255,0.32,0.377,0
0.4,0.353,0.373,0.326,0.353,0
0.397,0.297,0.221,0.291,0.309,0
0.259,0.24,0.275,0.238,0.346,0
0.385,0.334,0.23,0.31,0.257,0
0.314,0.259,0.349,0.335,0.284,0
0.325,0.303,0.386,0.205,0.321,0
0.362,0.282,0.275,0.309,0.254,0
0.273,0.249,0.291,0.195,0.27,0
0.328,0.281,0.279,0.345,0.379,0
0.263,0.36,0.212,0.258,0.327,0
0.313,0.306,0.343,0.29,0.338,0
0.276,0.269,0.206,0.334,0.257,0
0.35,0.35,0.289,0.304,0.31,0
0.29,0.227,0.372,0.272,0.326,0
0.315,0.314,0.311,0.346,0.256,0
0.35,0.308,0.302,0.279,0.298,0
0.329,0.241,0.214,0.286,0.335,0
0.285,0.369,0.365,0.37,0.373,0
0.313,0.328,0.266,0.166,0.32,0
0.261,0.29,0.176,0.345,0.29,0
0.27,0.242,0.259,0.258,0.251,0
0.229,0.29,0.283,0.343,0.212,0
0.278,0.255,0.317,0.297,0.342,0
0.392,0.3,0.326,0.263,0.294,0
0.301,0.407,0.243,0.293,0.301,0
0.262,0.318,0.301,0.306,0.264,0
0.337,0.253,0.281,0.342,0.37,0
0.262,0.331,0.296,0.352,0.306,0
0.385,0.377,0.251,0.284,0.262,0
0.296,0.209,0.216,0.351,0.317,0
0.338,0.255,0.247,0.29,0.369,0
0.304,0.309,0.359,0.319,0.309,0
0.321,0.29,0.379,0.295,0.264,0
0.334,0.347,0.276,0.336,0.354,0
0.132,0.214,0.32,0.253,0.384,0
0.316,0.295,0.303,0.281,0.268,0
0.306,0.35,0.223,0.312,0.278,0
0.304,0.262,0.307,0.246,0.299,0
0.287,0.217,0.321,0.159,0.281,0
0.225,0.313,0.283,0.341,0.29,0
0.289,0.356,0.277,0.299,0.371,0
0.333,0.399,0.323,0.274,0.354,0
0.346,0.286,0.327,0.296,0.325,0
0.302,0.294,0.384,0.323,0.233,0
0.31,0.285,0.316,0.312,0.318,0
0.215,0.222,0.37,0.299,0.367,0
0.326,0.273,0.216,0.326,0.326,0
0.388,0.29,0.304,0.21,0.27,0
0.312,0.282,0.256,0.371,0.38,0
0.247,0.305,0.279,0.374,0.312,0
0.33,0.253,0.366,0.285,0.393,0
0.355,0.267,0.326,0.312,0.289,0
0.337,0.299,0.301,0.268,0.263,0
0.304,0.309,0.354,0.232,0.306,0
0.38,0.266,0.248,0.254,0.34,0
0.237,0.301,0.267,0.271,0.285,0
0.281,0.282,0.297,0.313,0.277,0
0.324,0.276,0.277,0.302,0.214,0
0.259,0.267,0.249,0.288,0.263,0
0.254,0.351,0.404,0.35,0.315,0
0.356,0.316,0.287,0.306,0.283,0
0.19,0.258,0.259,0.324,0.276,0
0.21,0.299,0.314,0.338,0.318,0
0.42,0.257,0.366,0.346,0.268,0
0.294,0.263,0.294,0.278,0.278,0
0.3,0.248,0.356,0.344,0.265,0
0.343,0.247,0.211,0.316,0.327,0
0.263,0.326,0.398,0.451,0.256,0
0.316,0.239,0.442,0.278,0.343,0
0.305,0.247,0.29,0.232,0.268,0
0.287,0.311,0.186,0.297,0.428,0
0.252,0.316,0.279,0.159,0.25,0
0.266,0.342,0.298,0.289,0.334,0
0.306,0.292,0.333,0.231,0.29,0
0.363,0.193,0.26,0.308,0.311,0
0.283,0.321,0.256,0.349,0.31,0
0.391,0.342,0.328,0.371,0.26,0
0.285,0.212,0.344,0.383,0.276,0
0.239,0.356,0.263,0.275,0.377,0
0.282,0.291,0.381,0.33,0.247,0
0.375,0.213,0.35,0.325,0.274,0
0.261,0.244,0.386,0.306,0.268,0
0.329,0.36,0.316,0.335,0.348,0
0.303,0.316,0.294,0.25,0.237,0
0.323,0.265,0.299,0.288,0.349,0
0.314,0.315,0.286,0.293,0.283,0
0.312,0.214,0.299,0.318,0.32,0
0.246,0.279,0.281,0.273,0.239,0
0.246,0.3,0.319,0.307,0.256,0
0.319,0.29,0.275,0.254,0.275,0
0.336,0.291,0.294,0.25,0.44,0
0.187,0.199,0.274,0.31,0.389,0
0.326,0.315,0.346,0.305,0.202,0
0.313,0.311,0.408,0.264,0.363,0
0.232,0.377,0.307,0.342,0.335,0
0.334,0.305,0.267,0.292,0.262,0
0.294,0.22,0.309,0.349,0.36,0
0.366,0.308,0.292,0.287,0.32,0
0.336,0.317,0.233,0.369,0.324,0
0.35,0.303,0.287,0.397,0.247,0
0.216,0.4,0.312,0.279,0.271,0
0.2,0.393,0.335,0.325,0.341,0
0.254,0.323,0.354,0.19,0.33,0
0.337,0.305,0.256,0.292,0.277,0
0.318,0.273,0.338,0.274,0.274,0
0.358,0.292,0.327,0.235,0.376,0
0.227,0.305,0.289,0.262,0.286,0
0.362,0.387,0.288,0.282,0.206,0
0.386,0.247,0.255,0.305,0.337,0
0.376,0.409,0.338,0.276,0.267,0
0.291,0.34,0.348,0.331,0.205,0
0.272,0.373,0.273,0.296,0.436,0
0.296,0.371,0.392,0.338,0.278,0
0.186,0.257,0.332,0.33,0.359,0
0.245,0.31,0.197,0.256,0.326,0
0.191,0.341,0.392,0.228,0.287,0
0.386,0.325,0.32,0.305,0.231,0
0.293,0.364,0.304,0.336,0.282,0
0.256,0.278,0.247,0.232,0.299,0
0.289,0.253,0.335,0.253,0.321,0
0.325,0.383,0.317,0.339,0.304,0
0.23,0.343,0.384,0.294,0.405,0
0.346,0.4,0.291,0.256,0.303,0
0.264,0.31,0.288,0.308,0.295,0
0.251,0.274,0.363,0.297,0.233,0
0.199,0.284,0.314,0.241,0.211,0
0.328,0.46,0.344,0.25,0.294,0
0.294,0.236,0.23,0.293,0.34,0
0.313,0.266,0.325,0.326,0.251,0
0.239,0.332,0.357,0.32,0.359,0
0.373,0.224,0.324,0.366,0.357,0
0.371,0.271,0.334,0.339,0.27,0
0.31,0.233,0.258,0.316,0.353,0
0.3,0.377,0.374,0.251,0.295,0
0.275,0.341,0.336,0.26,0.346,0
0.234,0.359,0.178,0.291,0.265,0
0.334,0.313,0.19,0.233,0.271,0
0.359,0.382,0.334,0.371,0.262,0
0.321,0.306,0.246,0.282,0.282,0
0.323,0.325,0.273,0.273,0.205,0
0.325,0.295,0.299,0.327,0.275,0
0.252,0.27,0.283,0.311,0.27,0
0.278,0.234,0.28,0.213,0.267,0
0.327,0.309,0.292,0.289,0.345,0
0.241,0.322,0.264,0.314,0.292,0
0.273,0.316,0.268,0.239,0.276,0
0.237,0.307,0.27,0.237,0.318,0
0.32,0.291,0.285,0.346,0.286,0
0.313,0.243,0.328,0.293,0.326,0
0.286,0.262,0.24,0.29,0.277,0
0.235,0.363,0.351,0.198,0.193,0
0.224,0.308,0.434,0.241,0.284,0
0.367,0.275,0.356,0.347,0.299,0
0.344,0.347,0.23,0.291,0.269,0
0.301,0.239,0.25,0.303,0.3,0
0.369,0.311,0.372,0.366,0.357,0
0.123,0.261,0.323,0.234,0.274,0
0.333,0.302,0.283,0.387,0.279,0
0.356,0.298,0.305,0.282,0.258,0
0.289,0.232,0.331,0.306,0.278,0
0.34,0.248,0.202,0.321,0.231,0
0.23,0.308,0.348,0.261,0.255,0
0.375,0.229,0.342,0.321,0.264,0
0.293,0.257,0.267,0.292,0.265,0
0.218,0.336,0.27,0.34,0.292,0
0.441,0.328,0.233,0.231,0.255,0
0.279,0.217,0.244,0.301,0.222,0
0.295,0.312,0.25,0.33,0.304,0
0.355,0.333,0.289,0.292,0.323,0
0.319,0.215,0.346,0.272,0.357,0
0.309,0.268,0.3,0.372,0.263,0
0.215,0.287,0.363,0.379,0.352,0
0.194,0.288,0.276,0.291,0.245,0
0.286,0.241,0.416,0.303,0.274,0
0.238,0.348,0.329,0.358,0.317,0
0.277,0.264,0.262,0.28,0.334,0
0.272,0.314,0.338,0.277,0.349,0
0.321,0.319,0.299,0.309,0.257,0
0.258,0.313,0.345,0.288,0.325,0
0.288,0.261,0.301,0.319,0.266,0
0.27,0.275,0.309,0.226,0.314,0
0.313,0.31,0.272,0.314,0.245,0
0.262,0.34,0.234,0.268,0.271,0
0.332,0.228,0.271,0.246,0.383,0
0.286,0.274,0.306,0.343,0.196,0
0.246,0.311,0.269,0.228,0.265,0
0.308,0.316,0.398,0.218,0.226,0
0.24,0.349,0.255,0.224,0.341,0
0.263,0.356,0.311,0.267,0.345,0
0.341,0.375,0.279,0.284,0.374,0
0.356,0.313,0.257,0.248,0.228,0
0.25,0.29,0.24,0.336,0.171,0
0.26,0.266,0.33,0.326,0.238,0
0.311,0.248,0.315,0.239,0.306,0
0.373,0.402,0.354,0.248,0.274,0
0.253,0.269,0.213,0.268,0.356,0
0.412,0.322,0.31,0.334,0.221,0
0.258,0.34,0.288,0.282,0.343,0
0.205,0.358,0.259,0.328,0.3,0
0.336,0.35,0.249,0.342,0.325,0
0.371,0.274,0.359,0.336,0.278,0
0.35,0.281,0.346,0.295,0.305,0
0.303,0.351,0.296,0.329,0.33,0
0.257,0.346,0.374,0.326,0.32,0
0.257,0.364,0.223,0.307,0.377,0
0.266,0.327,0.264,0.333,0.229,0
0.279,0.268,0.305,0.215,0.375,0
0.316,0.276,0.374,0.299,0.313,0
0.314,0.38,0.308,0.247,0.304,0
0.321,0.299,0.268,0.26,0.215,0
0.324,0.258,0.268,0.325,0.354,0
0.248,0.282,0.28,0.325,0.248,0
0.26,0.321,0.27,0.249,0.299,0
0.254,0.286,0.364,0.291,0.293,0
0.276,0.224,0.309,0.351,0.363,0
0.443,0.285,0.31,0.245,0.393,0
0.35,0.348,0.33,0.293,0.173,0
0.363,0.333,0.313,0.259,0.343,0
0.315,0.31,0.245,0.244,0.296,0
0.295,0.248,0.387,0.278,0.297,0
0.313,0.374,0.261,0.291,0.236,0
0.352,0.321,0.308,0.314,0.391,0
0.294,0.271,0.271,0.352,0.329,0
0.324,0.268,0.327,0.33,0.305,0
0.293,0.324,0.32,0.276,0.284,0
0.214,0.33,0.295,0.377,0.211,0
0.308,0.33,0.265,0.324,0.314,0
0.326,0.288,0.141,0.304,0.305,0
0.263,0.234,0.326,0.32,0.379,0
0.26,0.359,0.301,0.275,0.325,0
0.344,0.274,0.379,0.301,0.238,0
0.243,0.354,0.272,0.304,0.305,0
0.294,0.349,0.276,0.245,0.185,0
0.294,0.287,0.362,0.265,0.351,0
0.286,0.386,0.251,0.28,0.334,0
0.359,0.342,0.233,0.354,0.3,0
0.219,0.272,0.283,0.26,0.365,0
0.327,0.357,0.256,0.216,0.323,0
0.302,0.343,0.333,0.308,0.34,0
0.304,0.31,0.399,0.364,0.247,0
0.221,0.368,0.278,0.293,0.276,0
0.316,0.279,0.24,0.211,0.18,0
0.247,0.361,0.253,0.299,0.356,0
0.366,0.272,0.336,0.281,0.203,0
0.348,0.306,0.256,0.31,0.317,0
0.308,0.252,0.291,0.315,0.338,0
0.289,0.246,0.321,0.362,0.27,0
0.325,0.352,0.353,0.367,0.314,0
0.37,0.368,0.259,0.316,0.312,0
0.266,0.284,0.2,0.336,0.342,0
0.358,0.367,0.27,0.292,0.377,0
0.354,0.263,0.182,0.289,0.247,0
0.303,0.349,0.228,0.314,0.239,0
0.424,0.303,0.324,0.248,0.193,0
0.252,0.252,0.359,0.243,0.341,0
0.321,0.294,0.176,0.273,0.349,0
0.327,0.307,0.228,0.306,0.313,0
0.276,0.322,0.264,0.2,0.268,0
0.265,0.361,0.336,0.297,0.273,0
0.328,0.375,0.252,0.268,0.358,0
0.324,0.278,0.358,0.328,0.253,0
0.314,0.3,0.383,0.33,0.324,0
0.307,0.326,0.231,0.227,0.319,0
0.32,0.28,0.2,0.246,0.327,0
0.306,0.268,0.254,0.313,0.292,0
0.292,0.275,0.308,0.314,0.269,0
0.383,0.271,0.308,0.222,0.25,0
0.346,0.336,0.311,0.266,0.318,0
0.25,0.354,0.169,0.281,0.26,0
0.365,0.29,0.362,0.372,0.323,0
0.218,0.262,0.275,0.32,0.319,0
0.234,0.339,0.249,0.282,0.313,0
0.294,0.378,0.357,0.234,0.244,0
0.357,0.306,0.331,0.301,0.362,0
0.339,0.339,0.266,0.33,0.219,0
0.288,0.268,0.261,0.253,0.2,0
0.362,0.289,0.291,0.325,0.353,0
0.367,0.278,0.309,0.255,0.337,0
0.301,0.345,0.341,0.339,0.327,0
0.304,0.238,0.316,0.384,0.278,0
0.266,0.331,0.384,0.248,0.179,0
0.269,0.305,0.293,0.287,0.275,0
0.268,0.259,0.318,0.329,0.221,0
0.379,0.322,0.328,0.286,0.313,0
0.244,0.379,0.371,0.288,0.234,0
0.285,0.33,0.28,0.26,0.308,0
0.256,0.367,0.347,0.333,0.265,0
0.31,0.355,0.195,0.31,0.37,0
0.391,0.252,0.314,0.352,0.36,0
0.208,0.2,0.308,0.325,0.294,0
0.284,0.364,0.374,0.27,0.308,0
0.242,0.387,0.23,0.246,0.256,0
0.248,0.364,0.416,0.313,0.283,0
0.336,0.255,0.367,0.298,0.321,0
0.265,0.29,0.219,0.301,0.345,0
0.207,0.25,0.276,0.285,0.295,0
0.298,0.314,0.298,0.216,0.316,0
0.36,0.313,0.211,0.312,0.324,0
0.251,0.304,0.364,0.381,0.306,0
0.325,0.292,0.28,0.369,0.348,0
0.331,0.274,0.373,0.352,0.235,0
0.354,0.308,0.314,0.199,0.227,0
0.349,0.262,0.341,0.234,0.226,0
0.396,0.345,0.294,0.311,0.265,0
0.318,0.359,0.279,0.324,0.215,0
0.39,0.35,0.298,0.283,0.371,0
0.275,0.318,0.284,0.254,0.352,0
0.279,0.323,0.283,0.293,0.291,0
0.267,0.337,0.296,0.343,0.337,0
0.361,0.275,0.333,0.291,0.299,0
0.264,0.276,0.332,0.283,0.264,0
0.342,0.318,0.239,0.305,0.356,0
0.355,0.273,0.244,0.282,0.367,0
0.337,0.185,0.343,0.189,0.397,0
0.342,0.28,0.305,0.333,0.275,0
0.323,0.294,0.287,0.376,0.198,0
0.302,0.23,0.291,0.265,0.427,0
0.274,0.293,0.269,0.344,0.274,0
0.267,0.394,0.339,0.313,0.421,0
0.268,0.259,0.26,0.36,0.269,0
0.36,0.269,0.209,0.26,0.314,0
0.36,0.365,0.318,0.334,0.168,0
0.313,0.302,0.285,0.267,0.344,0
0.357,0.398,0.29,0.26,0.394,0
0.284,0.274,0.231,0.321,0.33,0
0.342,0.311,0.327,0.328,0.326,0
0.359,0.343,0.309,0.273,0.34,0
0.271,0.293,0.264,0.407,0.251,0
0.333,0.334,0.344,0.298,0.304,0
0.29,0.164,0.262,0.368,0.259,0
0.307,0.432,0.252,0.275,0.287,0
0.2,0.257,0.229,0.327,0.288,0
0.193,0.341,0.349,0.282,0.347,0
0.329,0.254,0.314,0.309,0.258,0
0.249,0.32,0.415,0.298,0.311,0
0.247,0.287,0.29,0.281,0.267,0
0.298,0.272,0.362,0.402,0.262,0
0.282,0.322,0.329,0.262,0.271,0
0.329,0.218,0.411,0.315,0.285,0
0.292,0.246,0.39,0.296,0.278,0
0.388,0.352,0.29,0.322,0.283,0
0.282,0.289,0.315,0.355,0.399,0
0.191,0.416,0.351,0.301,0.278,0
0.207,0.36,0.245,0.333,0.279,0
0.219,0.321,0.324,0.253,0.343,0
0.39,0.325,0.322,0.263,0.248,0
0.28,0.303,0.301,0.29,0.425,0
0.329,0.251,0.24,0.213,0.25,0
0.329,0.286,0.265,0.329,0.327,0
0.319,0.299,0.298,0.234,0.208,0
0.26,0.261,0.259,0.291,0.276,0
0.235,0.295,0.317,0.275,0.341,0
0.316,0.319,0.281,0.321,0.334,0
0.204,0.353,0.274,0.333,0.185,0
0.278,0.215,0.293,0.309,0.32,0
0.301,0.237,0.365,0.233,0.283,0
0.261,0.27,0.23,0.354,0.337,0
0.304,0.293,0.252,0.294,0.255,0
0.304,0.32,0.288,0.32,0.329,0
0.34,0.399,0.229,0.238,0.239,0
0.29,0.22,0.273,0.342,0.336,0
0.382,0.343,0.351,0.274,0.282,0
0.344,0.343,0.204,0.231,0.251,0
0.257,0.366,0.39,0.316,0.317,0
0.397,0.322,0.328,0.319,0.319,0
0.367,0.336,0.304,0.28,0.313,0
0.217,0.323,0.306,0.316,0.242,0
0.323,0.309,0.3,0.319,0.259,0
0.227,0.323,0.19,0.33,0.403,0
0.319,0.343,0.381,0.352,0.414,0
0.256,0.283,0.324,0.219,0.3,0
0.303,0.365,0.353,0.338,0.335,0
0.303,0.315,0.338,0.351,0.264,0
0.322,0.296,0.313,0.358,0.287,0
0.254,0.254,0.271,0.33,0.292,0
0.27,0.339,0.308,0.335,0.41,0
0.394,0.317,0.317,0.356,0.364,0
0.282,0.239,0.343,0.311,0.331,0
0.327,0.265,0.274,0.354,0.292,0
0.261,0.286,0.32,0.274,0.387,0
0.341,0.225,0.311,0.378,0.465,0
0.276,0.301,0.232,0.328,0.324,0
0.314,0.246,0.339,0.391,0.368,0
0.318,0.297,0.345,0.293,0.174,0
0.214,0.368,0.367,0.294,0.26,0
0.285,0.236,0.287,0.387,0.269,0
0.26,0.233,0.31,0.253,0.333,0
0.285,0.384,0.33,0.324,0.23,0
0.301,0.315,0.317,0.318,0.306,0
0.242,0.18,0.244,0.351,0.34,0
0.357,0.316,0.311,0.301,0.215,0
0.309,0.268,0.27,0.251,0.297,0
0.346,0.34,0.251,0.312,0.296,0
0.199,0.347,0.268,0.329,0.26,0
0.339,0.362,0.313,0.327,0.267,0
0.284,0.244,0.353,0.359,0.276,0
0.302,0.267,0.235,0.274,0.24,0
0.203,0.315,0.25,0.298,0.167,0
0.304,0.265,0.269,0.344,0.294,0
0.315,0.303,0.324,0.26,0.299,0
0.288,0.335,0.271,0.338,0.326,0
0.271,0.336,0.28,0.268,0.26,0
0.246,0.316,0.29,0.285,0.343,0
0.344,0.305,0.203,0.324,0.202,0
0.255,0.292,0.377,0.176,0.223,0
0.264,0.335,0.218,0.26,0.361,0
0.344,0.27,0.351,0.304,0.255,0
0.264,0.269,0.246,0.323,0.35,0
0.228,0.333,0.248,0.296,0.315,0
0.351,0.299,0.312,0.381,0.381,0
0.353,0.338,0.325,0.382,0.337,0
0.266,0.305,0.321,0.23,0.271,0
0.386,0.243,0.325,0.316,0.348,0
0.261,0.261,0.303,0.269,0.377,0
0.309,0.343,0.25,0.33,0.424,0
0.297,0.244,0.357,0.276,0.236,0
0.244,0.241,0.326,0.258,0.257,0
0.281,0.321,0.345,0.362,0.283,0
0.351,0.261,0.386,0.331,0.313,0
0.221,0.349,0.277,0.269,0.259,0
0.27,0.325,0.321,0.303,0.394,0
0.238,0.314,0.234,0.328,0.329,0
0.307,0.325,0.329,0.324,0.231,0
0.344,0.387,0.356,0.287,0.398,0
0.312,0.359,0.334,0.372,0.22,0
0.26,0.326,0.288,0.282,0.375,0
0.272,0.315,0.319,0.289,0.184,0
0.207,0.287,0.41,0.264,0.299,0
0.404,0.302,0.325,0.316,0.258,0
0.257,0.275,0.3,0.263,0.275,0
0.313,0.36,0.418,0.264,0.314,0
0.251,0.269,0.214,0.386,0.279,0
0.348,0.247,0.183,0.385,0.219,0
0.248,0.36,0.304,0.291,0.367,0
0.286,0.34,0.238,0.371,0.272,0
0.309,0.264,0.259,0.286,0.346,0
0.288,0.31,0.276,0.366,0.227,0
0.216,0.371,0.192,0.386,0.299,0
0.322,0.316,0.267,0.326,0.402,0
0.361,0.264,0.362,0.241,0.289,0
0.307,0.362,0.231,0.353,0.279,0
0.218,0.35,0.279,0.2,0.34,0
0.216,0.281,0.244,0.259,0.354,0
0.332,0.225,0.289,0.303,0.368,0
0.323,0.239,0.235,0.333,0.338,0
0.27,0.269,0.325,0.314,0.168,0
0.286,0.341,0.226,0.344,0.238,0
0.312,0.258,0.219,0.311,0.295,0
0.376,0.342,0.221,0.316,0.349,0
0.342,0.393,0.398,0.265,0.319,0
0.42,0.364,0.266,0.224,0.222,0
0.333,0.295,0.291,0.271,0.257,0
0.331,0.299,0.322,0.218,0.389,0
0.359,0.354,0.197,0.345,0.228,0
0.321,0.358,0.354,0.336,0.393,0
0.308,0.26,0.274,0.301,0.342,0
0.247,0.341,0.299,0.277,0.253,0
0.276,0.315,0.29,0.338,0.219,0
0.227,0.248,0.355,0.293,0.302,0
0.33,0.333,0.273,0.229,0.282,0
0.224,0.297,0.262,0.314,0.31,0
0.282,0.332,0.442,0.208,0.421,0
0.251,0.232,0.252,0.337,0.311,0
0.269,0.271,0.262,0.33,0.363,0
0.287,0.266,0.281,0.185,0.297,0
0.319,0.282,0.275,0.356,0.316,0
0.319,0.325,0.307,0.366,0.232,0
0.298,0.186,0.279,0.4,0.236,0
0.245,0.296,0.343,0.334,0.273,0
0.385,0.297,0.357,0.38,0.251,0
0.225,0.327,0.309,0.302,0.313,0
0.295,0.378,0.149,0.364,0.313,0
0.294,0.251,0.362,0.242,0.305,0
0.357,0.217,0.316,0.316,0.321,0
0.277,0.329,0.352,0.285,0.404,0
0.243,0.266,0.36,0.289,0.253,0
0.278,0.376,0.34,0.254,0.206,0
0.375,0.312,0.279,0.255,0.196,0
0.234,0.315,0.275,0.382,0.346,0
0.27,0.254,0.365,0.281,0.432,0
0.305,0.232,0.198,0.263,0.372,0
0.288,0.175,0.269,0.285,0.368,0
0.322,0.293,0.315,0.411,0.353,0
0.263,0.334,0.357,0.416,0.314,0
0.284,0.318,0.276,0.308,0.26,0
0.301,0.227,0.342,0.34,0.217,0
0.337,0.272,0.371,0.35,0.354,0
0.33,0.248,0.196,0.307,0.236,0
0.309,0.226,0.339,0.326,0.236,0
0.252,0.321,0.344,0.311,0.265,0
0.308,0.289,0.273,0.23,0.302,0
0.259,0.294,0.199,0.342,0.272,0
0.304,0.375,0.378,0.333,0.249,0
0.296,0.315,0.313,0.307,0.341,0
0.333,0.361,0.341,0.265,0.284,0
0.299,0.321,0.275,0.299,0.283,0
0.273,0.321,0.345,0.389,0.351,0
0.28,0.364,0.228,0.321,0.272,0
0.272,0.399,0.279,0.312,0.33,0
0.299,0.232,0.316,0.283,0.295,0
0.299,0.323,0.321,0.224,0.311,0
0.388,0.205,0.254,0.266,0.201,0
0.208,0.252,0.357,0.282,0.253,0
0.292,0.324,0.324,0.302,0.432,0
0.313,0.322,0.273,0.257,0.242,0
0.236,0.328,0.308,0.268,0.282,0
0.353,0.29,0.302,0.314,0.325,0
0.262,0.177,0.202,0.318,0.271,0
0.283,0.214,0.26,0.306,0.302,0
0.246,0.242,0.396,0.288,0.295,0
0.233,0.261,0.286,0.242,0.305,0
0.242,0.263,0.26,0.217,0.221,0
0.306,0.248,0.291,0.293,0.317,0
0.341,0.268,0.242,0.31,0.343,0
0.283,0.297,0.29,0.292,0.332,0
0.28,0.33,0.321,0.408,0.264,0
0.358,0.34,0.239,0.328,0.331,0
0.27,0.177,0.337,0.235,0.291,0
0.211,0.33,0.208,0.271,0.272,0
0.3,0.226,0.323,0.324,0.282,0
0.286,0.162,0.38,0.289,0.332,0
0.309,0.303,0.334,0.268,0.351,0
0.379,0.31,0.292,0.349,0.321,0
0.281,0.283,0.306,0.338,0.275,0
0.34,0.398,0.33,0.297,0.328,0
0.278,0.244,0.262,0.232,0.348,0
0.276,0.207,0.326,0.318,0.315,0
0.233,0.244,0.388,0.27,0.323,0
0.306,0.231,0.226,0.325,0.284,0
0.286,0.352,0.219,0.297,0.359,0
0.342,0.286,0.323,0.331,0.256,0
0.226,0.343,0.303,0.391,0.268,0
0.35,0.342,0.325,0.301,0.253,0
0.285,0.275,0.301,0.248,0.312,0
0.389,0.256,0.327,0.205,0.325,0
0.313,0.254,0.328,0.305,0.39,0
0.306,0.32,0.293,0.244,0.43,0
0.309,0.315,0.304,0.227,0.232,0
0.216,0.366,0.325,0.283,0.228,0
0.258,0.295,0.238,0.344,0.26,0
0.286,0.295,0.191,0.34,0.302,0
0.189,0.28,0.283,0.248,0.317,0
0.36,0.317,0.229,0.266,0.201,0
0.31,0.25,0.314,0.34,0.344,0
0.31,0.287,0.219,0.409,0.41,0
0.295,0.322,0.242,0.281,0.301,0
0.271,0.388,0.316,0.269,0.28,0
0.312,0.22,0.324,0.298,0.345,0
0.318,0.267,0.267,0.369,0.321,0
0.33,0.33,0.295,0.245,0.39,0
0.29,0.364,0.296,0.355,0.257,0
0.234,0.286,0.276,0.333,0.317,0
0.223,0.263,0.23,0.263,0.295,0
0.269,0.358,0.321,0.258,0.364,0
0.346,0.31,0.282,0.397,0.34,0
0.246,0.308,0.258,0.345,0.249,0
0.268,0.269,0.324,0.248,0.3,0
0.192,0.343,0.166,0.309,0.312,0
0.275,0.355,0.356,0.354,0.357,0
0.316,0.281,0.313,0.355,0.297,0
0.18,0.216,0.39,0.259,0.269,0
0.347,0.345,0.328,0.307,0.194,0
0.411,0.281,0.354,0.307,0.273,0
0.287,0.292,0.383,0.235,0.32,0
0.39,0.275,0.302,0.241,0.382,0
0.243,0.332,0.202,0.257,0.311,0
0.244,0.287,0.233,0.304,0.241,0
0.247,0.313,0.205,0.332,0.259,0
0.38,0.274,0.256,0.305,0.35,0
0.178,0.268,0.363,0.248,0.239,0
0.22,0.283,0.237,0.322,0.225,0
0.276,0.29,0.27,0.288,0.252,0
0.256,0.361,0.321,0.321,0.353,0
0.32,0.285,0.329,0.288,0.387,0
0.31,0.302,0.378,0.341,0.265,0
0.324,0.236,0.288,0.309,0.307,0
0.292,0.252,0.32,0.328,0.266,0
0.299,0.325,0.325,0.318,0.324,0
0.33,0.336,0.323,0.275,0.317,0
0.267,0.271,0.317,0.303,0.266,0
0.328,0.262,0.323,0.233,0.366,0
0.324,0.323,0.301,0.234,0.217,0
0.304,0.281,0.316,0.352,0.321,0
0.252,0.332,0.27,0.32,0.33,0
0.274,0.373,0.283,0.301,0.364,0
0.309,0.258,0.283,0.312,0.278,0
0.275,0.347,0.29,0.387,0.292,0
0.249,0.288,0.347,0.271,0.356,0
0.3,0.32,0.264,0.302,0.3,0
0.352,0.277,0.222,0.245,0.266,0
0.332,0.255,0.251,0.285,0.299,0
0.296,0.236,0.284,0.348,0.32,0
0.319,0.262,0.286,0.238,0.328,0
0.342,0.288,0.281,0.258,0.294,0
0.383,0.264,0.311,0.345,0.295,0
0.235,0.317,0.376,0.308,0.298,0
0.297,0.194,0.316,0.276,0.254,0
0.362,0.252,0.305,0.238,0.317,0
0.23,0.311,0.306,0.337,0.235,0
0.278,0.259,0.336,0.213,0.28,0
0.324,0.309,0.223,0.356,0.303,0
0.35,0.279,0.302,0.31,0.278,0
0.411,0.286,0.317,0.268,0.272,0
0.293,0.264,0.253,0.302,0.279,0
0.406,0.291,0.267,0.331,0.387,0
0.22,0.361,0.247,0.275,0.23,0
0.277,0.231,0.27,0.283,0.293,0
0.313,0.313,0.296,0.365,0.308,0
0.36,0.307,0.268,0.232,0.16,0
0.278,0.242,0.299,0.364,0.187,0
0.334,0.224,0.207,0.412,0.338,0
0.151,0.367,0.289,0.375,0.254,0
0.31,0.306,0.196,0.306,0.34,0
0.252,0.326,0.333,0.301,0.357,0
0.332,0.381,0.313,0.352,0.293,0
0.334,0.317,0.322,0.337,0.284,0
0.284,0.21,0.311,0.241,0.261,0
0.281,0.333,0.329,0.323,0.291,0
0.314,0.255,0.377,0.381,0.27,0
0.238,0.242,0.254,0.253,0.315,0
0.309,0.342,0.309,0.311,0.285,0
0.378,0.381,0.26,0.315,0.287,0
0.287,0.272,0.243,0.286,0.347,0
0.369,0.347,0.307,0.367,0.296,0
0.294,0.234,0.359,0.351,0.252,0
0.237,0.4,0.311,0.246,0.285,0
0.329,0.354,0.34,0.38,0.336,0
0.323,0.361,0.275,0.271,0.229,0
0.338,0.265,0.313,0.305,0.283,0
0.28,0.35,0.381,0.279,0.261,0
0.396,0.305,0.272,0.283,0.343,0
0.296,0.305,0.236,0.261,0.356,0
0.321,0.35,0.215,0.271,0.316,0
0.334,0.404,0.31,0.255,0.262,0
0.233,0.367,0.292,0.268,0.357,0
0.367,0.284,0.274,0.315,0.215,0
0.325,0.334,0.309,0.336,0.301,0
0.309,0.369,0.306,0.381,0.343,0
0.287,0.298,0.266,0.361,0.439,0
0.287,0.315,0.324,0.305,0.292,0
0.332,0.227,0.256,0.312,0.303,0
0.31,0.329,0.36,0.247,0.266,0
0.354,0.305,0.309,0.361,0.208,0
0.375,0.31,0.236,0.361,0.39,0
0.375,0.287,0.335,0.327,0.232,0
0.428,0.25,0.403,0.299,0.313,0
0.287,0.37,0.389,0.309,0.269,0
0.265,0.334,0.189,0.22,0.301,0
0.315,0.276,0.278,0.214,0.28,0
0.292,0.315,0.329,0.203,0.378,0
0.194,0.326,0.277,0.349,0.328,0
0.291,0.284,0.217,0.295,0.263,0
0.253,0.244,0.3,0.279,0.344,0
0.773,0.725,0.76,0.801,0.708,1
0.866,0.788,0.793,0.806,0.833,1
0.833,0.762,0.764,0.898,0.695,1
0.749,0.756,0.845,0.814,0.816,1
0.756,0.816,0.752,0.772,0.762,1
0.764,0.75,0.81,0.815,0.759,1
0.777,0.821,0.807,0.872,0.787,1
0.816,0.833,0.75,0.746,0.731,1
0.82,0.79,0.813,0.806,0.81,1
0.831,0.78,0.837,0.83,0.73,1
0.788,0.877,0.979,0.798,0.801,1
0.718,0.806,0.797,0.772,0.888,1
0.811,0.75,0.745,0.837,0.768,1
0.753,0.716,0.793,0.83,0.841,1
0.812,0.882,0.741,0.81,0.819,1
0.718,0.79,0.745,0.811,0.758,1
0.833,0.879,0.789,0.768,0.739,1
0.82,0.754,0.846,0.883,0.886,1
0.891,0.806,0.823,0.761,0.734,1
0.837,0.729,0.85,0.757,0.79,1
0.887,0.813,0.825,0.786,0.843,1
0.787,0.753,0.751,0.722,0.737,1
0.834,0.796,0.752,0.839,0.809,1
0.822,0.75,0.777,0.817,0.786,1
0.85,0.839,0.875,0.815,0.768,1
0.802,0.916,0.854,0.792,0.836,1
0.79,0.784,0.857,0.821,0.847,1
0.887,0.775,0.816,0.848,0.84,1
0.781,0.803,0.896,0.772,0.823,1
0.825,0.728,0.832,0.733,0.811,1
0.862,0.775,0.724,0.799,0.799,1
0.806,0.811,0.814,0.727,0.854,1
0.692,0.782,0.84,0.762,0.727,1
0.762,0.776,0.9,0.725,0.821,1
0.79,0.759,0.731,0.741,0.817,1
0.834,0.866,0.752,0.694,0.829,1
0.826,0.859,0.705,0.875,0.807,1
0.901,0.79,0.87,0.771,0.908,1
0.774,0.724,0.812,0.857,0.863,1
0.797,0.82,0.799,0.867,0.852,1
0.775,0.849,0.799,0.859,0.781,1
0.805,0.772,0.722,0.739,0.856,1
0.831,0.76,0.825,0.802,0.839,1
0.778,0.8,0.742,0.857,0.826,1
0.806,0.922,0.859,0.871,0.817,1
0.774,0.823,0.803,0.783,0.859,1
0.784,0.813,0.806,0.725,0.827,1
0.839,0.803,0.813,0.784,0.769,1
0.769,0.71,0.827,0.734,0.778,1
0.696,0.767,0.827,0.805,0.802,1
0.812,0.715,0.844,0.779,0.802,1
0.822,0.667,0.871,0.783,0.828,1
0.783,0.769,0.866,0.74,0.815,1
0.773,0.826,0.845,0.835,0.828,1
0.77,0.788,0.817,0.86,0.824,1
0.791,0.811,0.846,0.823,0.845,1
0.78,0.845,0.782,0.805,0.829,1
0.734,0.787,0.814,0.808,0.842,1
0.684,0.717,0.85,0.837,0.897,1
0.794,0.86,0.911,0.686,0.717,1
0.775,0.729,0.876,0.787,0.765,1
0.862,0.833,0.771,0.834,0.754,1
0.765,0.859,0.758,0.775,0.777,1
0.772,0.673,0.722,0.808,0.869,1
0.834,0.774,0.794,0.716,0.787,1
0.788,0.77,0.83,0.82,0.828,1
0.91,0.827,0.701,0.73,0.797,1
0.755,0.787,0.871,0.804,0.739,1
0.872,0.79,0.797,0.811,0.826,1
0.763,0.803,0.862,0.862,0.759,1
0.801,0.876,0.787,0.733,0.768,1
0.83,0.795,0.802,0.813,0.786,1
0.825,0.866,0.821,0.826,0.856,1
0.837,0.857,0.699,0.802,0.82,1
0.793,0.757,0.793,0.763,0.817,1
0.834,0.788,0.853,0.774,0.77,1
0.804,0.78,0.85,0.791,0.827,1
0.847,0.719,0.797,0.806,0.708,1
0.803,0.79,0.728,0.867,0.806,1
0.687,0.776,0.784,0.794,0.762,1
0.746,0.812,0.752,0.848,0.824,1
0.812,0.772,0.806,0.803,0.807,1
0.72,0.8,0.686,0.806,0.923,1
0.751,0.759,0.841,0.758,0.748,1
0.788,0.808,0.843,0.777,0.77,1
0.787,0.765,0.815,0.868,0.758,1
0.742,0.797,0.771,0.728,0.733,1
0.707,0.797,0.763,0.889,0.82,1
0.749,0.745,0.777,0.732,0.796,1
0.855,0.784,0.765,0.701,0.726,1
0.804,0.793,0.809,0.729,0.844,1
0.775,0.708,0.745,0.768,0.796,1
0.717,0.844,0.799,0.842,0.872,1
0.785,0.768,0.829,0.713,0.854,1
0.797,0.779,0.743,0.735,0.784,1
0.823,0.799,0.685,0.766,0.826,1
0.892,0.793,0.819,0.8,0.78,1
0.742,0.754,0.733,0.823,0.843,1
0.791,0.768,0.85,0.911,0.713,1
0.828,0.807,0.816,0.835,0.877,1
0.794,0.908,0.741,0.838,0.729,1
0.729,0.821,0.836,0.771,0.828,1
0.764,0.856,0.726,0.81,0.814,1
0.811,0.8,0.794,0.671,0.727,1
0.85,0.835,0.868,0.803,0.884,1
0.793,0.852,0.777,0.772,0.845,1
0.728,0.876,0.892,0.8,0.869,1
0.773,0.788,0.812,0.772,0.835,1
0.845,0.833,0.774,0.724,0.821,1
0.782,0.719,0.74,0.786,0.876,1
0.819,0.756,0.746,0.75,0.749,1
0.808,0.856,0.935,0.888,0.776,1
0.847,0.805,0.887,0.826,0.775,1
0.848,0.76,0.769,0.784,0.787,1
0.696,0.851,0.934,0.738,0.868,1
0.715,0.796,0.758,0.809,0.826,1
0.735,0.792,0.837,0.754,0.862,1
0.864,0.776,0.871,0.703,0.769,1
0.827,0.847,0.855,0.849,0.802,1
0.834,0.802,0.727,0.845,0.828,1
0.794,0.771,0.897,0.753,0.804,1
0.765,0.797,0.857,0.82,0.785,1
0.841,0.847,0.797,0.778,0.764,1
0.705,0.878,0.765,0.742,0.758,1
0.743,0.855,0.796,0.751,0.76,1
0.75,0.856,0.729,0.804,0.824,1
0.818,0.811,0.793,0.683,0.799,1
0.775,0.734,0.872,0.863,0.781,1
0.818,0.8,0.706,0.779,0.844,1
0.794,0.75,0.857,0.817,0.742,1
0.772,0.779,0.751,0.838,0.773,1
0.807,0.889,0.767,0.745,0.8,1
0.777,0.783,0.754,0.723,0.78,1
0.735,0.745,0.942,0.921,0.919,1
0.785,0.745,0.828,0.749,0.786,1
0.753,0.845,0.795,0.816,0.77,1
0.79,0.709,0.795,0.784,0.821,1
0.776,0.75,0.804,0.873,0.793,1
0.889,0.675,0.757,0.787,0.733,1
0.663,0.802,0.75,0.76,0.793,1
0.789,0.769,0.831,0.761,0.857,1
0.861,0.721,0.756,0.846,0.736,1
0.771,0.808,0.85,0.859,0.793,1
0.827,0.817,0.881,0.799,0.793,1
0.79,0.735,0.735,0.665,0.874,1
0.898,0.714,0.842,0.82,0.79,1
0.831,0.795,0.933,0.845,0.761,1
0.746,0.869,0.787,0.789,0.807,1
0.803,0.858,0.753,0.685,0.772,1
0.76,0.768,0.717,0.753,0.727,1
0.848,0.746,0.789,0.872,0.783,1
0.819,0.85,0.829,0.771,0.748,1
0.865,0.809,0.764,0.782,0.797,1
0.711,0.824,0.852,0.767,0.758,1
0.779,0.79,0.901,0.843,0.809,1
0.769,0.804,0.791,0.742,0.779,1
0.822,0.746,0.734,0.792,0.78,1
0.714,0.859,0.859,0.904,0.777,1
0.829,0.861,0.827,0.858,0.808,1
0.776,0.823,0.825,0.834,0.855,1
0.808,0.789,0.859,0.793,0.759,1
0.847,0.693,0.856,0.842,0.8,1
0.857,0.78,0.815,0.728,0.738,1
0.822,0.779,0.743,0.846,0.796,1
0.767,0.792,0.875,0.854,0.803,1
0.832,0.771,0.89,0.865,0.782,1
0.81,0.846,0.848,0.85,0.834,1
0.817,0.72,0.873,0.783,0.812,1
0.799,0.853,0.779,0.742,0.873,1
0.835,0.877,0.798,0.817,0.845,1
0.749,0.723,0.759,0.768,0.889,1
0.928,0.79,0.805,0.784,0.788,1
0.817,0.817,0.782,0.794,0.77,1
0.763,0.78,0.835,0.824,0.774,1
0.849,0.803,0.848,0.79,0.89,1
0.87,0.836,0.872,0.768,0.887,1
0.739,0.804,0.769,0.705,0.735,1
0.778,0.824,0.781,0.847,0.784,1
0.754,0.868,0.86,0.788,0.719,1
0.745,0.774,0.804,0.86,0.804,1
0.815,0.822,0.741,0.856,0.876,1
0.826,0.877,0.787,0.8,0.868,1
0.791,0.769,0.889,0.792,0.76,1
0.799,0.693,0.852,0.867,0.738,1
0.766,0.893,0.848,0.783,0.792,1
0.82,0.871,0.839,0.828,0.79,1
0.877,0.829,0.745,0.781,0.89,1
0.709,0.747,0.827,0.793,0.743,1
0.625,0.783,0.859,0.75,0.743,1
0.839,0.87,0.756,0.783,0.724,1
0.8,0.763,0.792,0.678,0.846,1
0.708,0.733,0.788,0.699,0.719,1
0.753,0.708,0.765,0.795,0.885,1
0.843,0.677,0.789,0.757,0.823,1
0.783,0.818,0.833,0.781,0.717,1
0.779,0.831,0.828,0.791,0.833,1
0.795,0.735,0.809,0.842,0.866,1
0.771,0.806,0.788,0.733,0.816,1
0.753,0.803,0.767,0.77,0.797,1
0.804,0.825,0.78,0.786,0.818,1
0.779,0.801,0.771,0.797,0.841,1
0.841,0.841,0.861,0.808,0.85,1
0.784,0.85,0.838,0.883,0.842,1
0.834,0.816,0.775,0.768,0.842,1
0.736,0.878,0.81,0.831,0.848,1
0.813,0.796,0.693,0.818,0.828,1
0.727,0.81,0.795,0.852,0.715,1
0.772,0.79,0.757,0.809,0.697,1
0.687,0.799,0.827,0.759,0.818,1
0.815,0.829,0.804,0.715,0.8,1
0.806,0.875,0.725,0.915,0.796,1
0.747,0.786,0.856,0.803,0.762,1
0.834,0.849,0.8,0.885,0.906,1
0.679,0.802,0.893,0.825,0.874,1
0.829,0.728,0.768,0.8,0.867,1
0.797,0.776,0.773,0.809,0.81,1
0.915,0.793,0.738,0.831,0.814,1
0.809,0.764,0.824,0.776,0.773,1
0.771,0.849,0.728,0.796,0.787,1
0.837,0.791,0.846,0.762,0.822,1
0.814,0.804,0.878,0.827,0.813,1
0.855,0.819,0.787,0.848,0.912,1
0.772,0.832,0.807,0.805,0.706,1
0.768,0.76,0.872,0.744,0.866,1
0.753,0.791,0.78,0.772,0.722,1
0.87,0.856,0.86,0.848,0.846,1
0.862,0.762,0.829,0.873,0.818,1
0.791,0.756,0.787,0.777,0.651,1
0.824,0.876,0.831,0.809,0.764,1
0.788,0.87,0.732,0.913,0.725,1
0.843,0.767,0.778,0.692,0.847,1
0.822,0.854,0.775,0.867,0.809,1
0.791,0.775,0.862,0.818,0.821,1
0.726,0.797,0.75,0.76,0.707,1
0.83,0.795,0.8,0.751,0.809,1
0.75,0.796,0.832,0.819,0.83,1
0.766,0.703,0.814,0.747,0.784,1
0.741,0.788,0.833,0.784,0.739,1
0.807,0.813,0.801,0.814,0.862,1
0.883,0.836,0.782,0.818,0.731,1
0.801,0.893,0.797,0.799,0.761,1
0.856,0.786,0.815,0.783,0.739,1
0.791,0.75,0.766,0.771,0.886,1
0.832,0.816,0.769,0.83,0.793,1
0.861,0.789,0.886,0.788,0.805,1
0.777,0.799,0.751,0.743,0.717,1
0.758,0.753,0.814,0.768,0.792,1
0.866,0.83,0.722,0.82,0.83,1
0.793,0.753,0.818,0.787,0.813,1
0.829,0.821,0.775,0.719,0.805,1
0.794,0.792,0.816,0.827,0.746,1
0.842,0.818,0.808,0.803,0.909,1
0.823,0.796,0.721,0.787,0.824,1
0.736,0.793,0.807,0.839,0.725,1
0.791,0.788,0.8,0.821,0.844,1
0.855,0.93,0.811,0.823,0.794,1
0.796,0.755,0.791,0.768,0.736,1
0.808,0.772,0.81,0.786,0.825,1
0.872,0.826,0.782,0.782,0.811,1
0.779,0.783,0.857,0.814,0.776,1
0.809,0.794,0.775,0.812,0.78,1
0.77,0.836,0.766,0.869,0.738,1
0.823,0.82,0.818,0.815,0.845,1
0.787,0.781,0.783,0.9,0.748,1
0.854,0.758,0.827,0.855,0.739,1
0.756,0.844,0.86,0.771,0.887,1
0.786,0.819,0.864,0.763,0.883,1
0.763,0.795,0.781,0.916,0.802,1
0.843,0.859,0.779,0.845,0.784,1
0.714,0.782,0.803,0.688,0.74,1
0.796,0.821,0.832,0.799,0.767,1
0.829,0.732,0.835,0.724,0.846,1
0.755,0.878,0.779,0.769,0.749,1
0.829,0.74,0.787,0.821,0.756,1
0.754,0.775,0.732,0.764,0.799,1
0.722,0.8,0.804,0.809,0.8,1
0.683,0.755,0.815,0.792,0.743,1
0.879,0.862,0.731,0.792,0.827,1
0.881,0.694,0.832,0.781,0.808,1
0.785,0.883,0.897,0.786,0.753,1
0.928,0.821,0.746,0.856,0.79,1
0.783,0.853,0.714,0.847,0.809,1
0.818,0.81,0.717,0.761,0.819,1
0.826,0.797,0.717,0.787,0.76,1
0.761,0.824,0.815,0.724,0.793,1
0.828,0.809,0.791,0.8,0.741,1
0.894,0.806,0.756,0.708,0.711,1
0.769,0.852,0.771,0.787,0.749,1
0.874,0.912,0.663,0.781,0.824,1
0.824,0.774,0.776,0.833,0.876,1
0.711,0.765,0.823,0.749,0.772,1
0.866,0.814,0.773,0.824,0.732,1
0.808,0.823,0.86,0.832,0.807,1
0.79,0.787,0.861,0.862,0.827,1
0.802,0.757,0.732,0.777,0.839,1
0.808,0.864,0.791,0.719,0.766,1
0.842,0.812,0.806,0.798,0.775,1
0.832,0.774,0.82,0.801,0.72,1
0.877,0.787,0.842,0.829,0.799,1
0.777,0.81,0.773,0.758,0.774,1
0.716,0.75,0.793,0.828,0.699,1
0.824,0.866,0.844,0.868,0.74,1
0.752,0.729,0.868,0.909,0.72,1
0.792,0.733,0.706,0.752,0.874,1
0.775,0.84,0.833,0.758,0.867,1
0.745,0.774,0.822,0.785,0.787,1
0.84,0.857,0.71,0.801,0.863,1
0.879,0.674,0.762,0.804,0.779,1
0.836,0.824,0.827,0.788,0.791,1
0.847,0.827,0.817,0.805,0.762,1
0.762,0.806,0.852,0.749,0.816,1
0.82,0.787,0.794,0.832,0.761,1
0.869,0.713,0.833,0.835,0.869,1
0.698,0.747,0.854,0.761,0.799,1
0.854,0.747,0.748,0.751,0.798,1
0.763,0.803,0.794,0.825,0.767,1
0.828,0.842,0.844,0.822,0.778,1
0.805,0.73,0.815,0.845,0.767,1
0.87,0.842,0.898,0.744,0.804,1
0.767,0.779,0.838,0.858,0.799,1
0.783,0.746,0.798,0.814,0.831,1
0.847,0.772,0.766,0.866,0.813,1
0.714,0.88,0.766,0.841,0.784,1
0.803,0.883,0.709,0.784,0.764,1
0.786,0.784,0.846,0.821,0.776,1
0.875,0.842,0.756,0.781,0.766,1
0.811,0.781,0.837,0.773,0.801,1
0.77,0.77,0.842,0.725,0.812,1
0.841,0.865,0.753,0.861,0.795,1
0.805,0.814,0.734,0.866,0.835,1
0.767,0.77,0.918,0.79,0.796,1
0.718,0.788,0.826,0.773,0.807,1
0.816,0.782,0.85,0.79,0.796,1
0.799,0.71,0.829,0.838,0.839,1
0.822,0.796,0.827,0.936,0.745,1
0.83,0.824,0.842,0.729,0.901,1
0.865,0.788,0.891,0.808,0.906,1
0.811,0.699,0.799,0.777,0.731,1
0.751,0.814,0.763,0.85,0.716,1
0.788,0.824,0.82,0.772,0.814,1
0.748,0.765,0.729,0.865,0.78,1
0.75,0.786,0.868,0.888,0.755,1
0.891,0.797,0.858,0.844,0.762,1
0.766,0.717,0.802,0.821,0.79,1
0.738,0.823,0.841,0.808,0.769,1
0.817,0.753,0.814,0.819,0.853,1
0.893,0.892,0.844,0.773,0.833,1
0.73,0.8,0.794,0.775,0.825,1
0.778,0.901,0.791,0.895,0.814,1
0.75,0.806,0.907,0.792,0.805,1
0.828,0.84,0.838,0.715,0.763,1
0.773,0.952,0.76,0.807,0.935,1
0.825,0.867,0.843,0.721,0.777,1
0.788,0.71,0.696,0.85,0.896,1
0.747,0.794,0.873,0.853,0.729,1
0.798,0.821,0.706,0.773,0.772,1
0.685,0.76,0.806,0.821,0.735,1
0.827,0.79,0.793,0.77,0.691,1
0.843,0.823,0.799,0.774,0.732,1
0.82,0.777,0.829,0.834,0.775,1
0.763,0.792,0.816,0.714,0.809,1
0.727,0.782,0.915,0.75,0.749,1
0.779,0.789,0.735,0.817,0.832,1
0.825,0.817,0.786,0.753,0.802,1
0.826,0.758,0.789,0.801,0.913,1
0.856,0.868,0.835,0.769,0.831,1
0.876,0.75,0.803,0.806,0.828,1
0.858,0.79,0.792,0.957,0.776,1
0.731,0.807,0.772,0.792,0.794,1
0.686,0.804,0.811,0.859,0.809,1
0.858,0.882,0.826,0.823,0.784,1
0.831,0.783,0.683,0.794,0.857,1
0.844,0.787,0.76,0.787,0.798,1
0.742,0.75,0.796,0.811,0.829,1
0.76,0.704,0.79,0.849,0.726,1
0.757,0.766,0.882,0.855,0.783,1
0.839,0.765,0.798,0.708,0.751,1
0.752,0.742,0.828,0.75,0.85,1
0.828,0.812,0.858,0.813,0.764,1
0.778,0.833,0.736,0.845,0.79,1
0.831,0.806,0.761,0.879,0.788,1
0.815,0.773,0.76,0.805,0.775,1
0.797,0.807,0.773,0.849,0.83,1
0.697,0.754,0.781,0.751,0.763,1
0.832,0.824,0.719,0.735,0.813,1
0.785,0.841,0.767,0.802,0.756,1
0.786,0.83,0.819,0.744,0.852,1
0.797,0.822,0.822,0.777,0.844,1
0.764,0.781,0.739,0.723,0.91,1
0.792,0.779,0.894,0.713,0.861,1
0.812,0.793,0.788,0.785,0.874,1
0.851,0.793,0.76,0.801,0.749,1
0.759,0.785,0.762,0.768,0.782,1
0.748,0.876,0.694,0.835,0.833,1
0.791,0.792,0.807,0.802,0.835,1
0.827,0.78,0.751,0.816,0.829,1
0.839,0.772,0.924,0.713,0.892,1
0.76,0.795,0.887,0.893,0.878,1
0.84,0.82,0.731,0.74,0.796,1
0.83,0.836,0.842,0.87,0.871,1
0.802,0.695,0.85,0.789,0.776,1
0.808,0.735,0.789,0.728,0.684,1
0.765,0.873,0.806,0.839,0.794,1
0.82,0.705,0.763,0.756,0.731,1
0.806,0.819,0.817,0.797,0.835,1
0.803,0.813,0.771,0.827,0.821,1
0.748,0.767,0.853,0.734,0.779,1
0.851,0.834,0.849,0.83,0.782,1
0.711,0.903,0.84,0.756,0.806,1
0.768,0.795,0.829,0.765,0.895,1
0.783,0.777,0.859,0.742,0.806,1
0.906,0.805,0.811,0.771,0.753,1
0.789,0.914,0.846,0.827,0.835,1
0.848,0.783,0.799,0.797,0.822,1
0.752,0.735,0.763,0.82,0.745,1
0.839,0.743,0.789,0.731,0.831,1
0.723,0.7,0.803,0.816,0.838,1
0.809,0.821,0.809,0.81,0.869,1
0.789,0.751,0.865,0.848,0.829,1
0.773,0.824,0.884,0.776,0.834,1
0.733,0.754,0.849,0.833,0.783,1
0.746,0.763,0.902,0.803,0.843,1
0.829,0.814,0.822,0.784,0.857,1
0.805,0.784,0.827,0.798,0.82,1
0.758,0.712,0.69,0.726,0.75,1
0.771,0.8,0.824,0.827,0.741,1
0.895,0.794,0.77,0.795,0.813,1
0.818,0.773,0.877,0.722,0.824,1
0.838,0.798,0.753,0.804,0.846,1
0.804,0.774,0.698,0.815,0.703,1
0.855,0.761,0.858,0.85,0.799,1
0.79,0.898,0.787,0.785,0.777,1
0.763,0.801,0.792,0.666,0.748,1
0.864,0.843,0.917,0.717,0.701,1
0.854,0.747,0.844,0.768,0.859,1
0.784,0.793,0.875,0.838,0.768,1
0.661,0.879,0.795,0.813,0.755,1
0.794,0.759,0.765,0.674,0.837,1
0.811,0.76,0.858,0.789,0.778,1
0.749,0.877,0.906,0.747,0.748,1
0.786,0.839,0.803,0.792,0.839,1
0.81,0.786,0.791,0.782,0.85,1
0.799,0.798,0.8,0.846,0.779,1
0.897,0.757,0.726,0.812,0.818,1
0.779,0.964,0.822,0.863,0.831,1
0.817,0.754,0.808,0.827,0.734,1
0.685,0.861,0.832,0.823,0.786,1
0.841,0.731,0.771,0.771,0.859,1
0.786,0.77,0.842,0.848,0.793,1
0.82,0.736,0.771,0.753,0.786,1
0.838,0.762,0.835,0.841,0.755,1
0.908,0.787,0.745,0.753,0.823,1
0.79,0.806,0.683,0.755,0.726,1
0.84,0.768,0.772,0.803,0.86,1
0.844,0.845,0.762,0.783,0.802,1
0.75,0.796,0.803,0.836,0.705,1
0.784,0.804,0.889,0.832,0.773,1
0.764,0.834,0.824,0.755,0.805,1
0.876,0.831,0.763,0.727,0.832,1
0.811,0.851,0.865,0.764,0.801,1
0.756,0.713,0.786,0.841,0.806,1
0.8,0.724,0.807,0.8,0.8,1
0.78,0.785,0.828,0.819,0.707,1
0.816,0.784,0.806,0.837,0.835,1
0.892,0.79,0.834,0.747,0.833,1
0.732,0.844,0.746,0.735,0.829,1
0.837,0.885,0.783,0.774,0.797,1
0.737,0.759,0.806,0.737,0.69,1
0.726,0.803,0.74,0.849,0.841,1
0.832,0.789,0.805,0.738,0.817,1
0.842,0.803,0.735,0.716,0.789,1
0.79,0.907,0.729,0.721,0.816,1
0.776,0.939,0.738,0.877,0.754,1
0.799,0.786,0.752,0.867,0.828,1
0.752,0.864,0.758,0.867,0.809,1
0.761,0.803,0.758,0.712,0.869,1
0.77,0.762,0.728,0.813,0.698,1
0.747,0.81,0.74,0.83,0.832,1
0.844,0.787,0.762,0.766,0.894,1
0.827,0.812,0.819,0.892,0.872,1
0.716,0.812,0.89,0.789,0.796,1
0.763,0.825,0.782,0.866,0.747,1
0.784,0.809,0.781,0.784,0.811,1
0.784,0.806,0.732,0.861,0.705,1
0.767,0.87,0.692,0.904,0.77,1
0.785,0.799,0.854,0.792,0.833,1
0.848,0.878,0.812,0.77,0.739,1
0.765,0.784,0.771,0.839,0.702,1
0.767,0.84,0.781,0.794,0.832,1
0.874,0.861,0.762,0.706,0.802,1
0.749,0.776,0.758,0.856,0.775,1
0.79,0.848,0.822,0.786,0.813,1
0.877,0.841,0.793,0.824,0.808,1
0.867,0.783,0.831,0.905,0.759,1
0.799,0.878,0.892,0.842,0.819,1
0.796,0.713,0.755,0.854,0.776,1
0.786,0.81,0.792,0.777,0.69,1
0.82,0.799,0.812,0.78,0.833,1
0.757,0.873,0.84,0.848,0.789,1
0.687,0.747,0.712,0.802,0.819,1
0.903,0.765,0.775,0.719,0.937,1
0.831,0.864,0.779,0.784,0.787,1
0.685,0.762,0.798,0.814,0.858,1
0.813,0.769,0.757,0.768,0.892,1
0.81,0.798,0.881,0.829,0.823,1
0.743,0.848,0.742,0.795,0.737,1
0.881,0.827,0.782,0.75,0.776,1
0.812,0.701,0.841,0.848,0.795,1
0.819,0.85,0.834,0.813,0.77,1
0.781,0.798,0.695,0.817,0.738,1
0.809,0.8,0.783,0.71,0.823,1
0.812,0.806,0.814,0.757,0.859,1
0.802,0.842,0.755,0.765,0.814,1
0.814,0.8,0.863,0.719,0.803,1
0.731,0.887,0.815,0.878,0.881,1
0.769,0.781,0.87,0.761,0.793,1
0.781,0.744,0.901,0.836,0.781,1
0.733,0.794,0.833,0.889,0.904,1
0.81,0.882,0.812,0.847,0.811,1
0.775,0.877,0.789,0.768,0.756,1
0.844,0.839,0.839,0.808,0.73,1
0.862,0.835,0.82,0.755,0.763,1
0.832,0.763,0.833,0.809,0.821,1
0.849,0.84,0.814,0.755,0.788,1
0.868,0.811,0.889,0.73,0.876,1
0.75,0.729,0.754,0.749,0.879,1
0.752,0.821,0.789,0.719,0.823,1
0.808,0.739,0.852,0.757,0.711,1
0.852,0.779,0.742,0.771,0.77,1
0.796,0.739,0.856,0.824,0.788,1
0.889,0.809,0.82,0.794,0.8,1
0.863,0.774,0.843,0.765,0.769,1
0.753,0.726,0.825,0.736,0.846,1
0.846,0.783,0.835,0.824,0.85,1
0.748,0.821,0.856,0.788,0.82,1
0.771,0.91,0.843,0.789,0.868,1
0.793,0.817,0.836,0.877,0.784,1
0.899,0.849,0.851,0.842,0.855,1
0.823,0.808,0.874,0.818,0.842,1
0.749,0.877,0.821,0.873,0.83,1
0.798,0.839,0.757,0.711,0.752,1
0.863,0.763,0.773,0.848,0.825,1
0.763,0.797,0.778,0.843,0.823,1
0.753,0.736,0.721,0.828,0.835,1
0.811,0.756,0.739,0.84,0.668,1
0.825,0.779,0.78,0.911,0.832,1
0.81,0.794,0.73,0.743,0.713,1
0.794,0.734,0.797,0.781,0.829,1
0.806,0.789,0.793,0.752,0.82,1
0.8,0.904,0.855,0.809,0.858,1
0.744,0.772,0.729,0.84,0.835,1
0.75,0.854,0.818,0.747,0.792,1
0.789,0.894,0.79,0.836,0.804,1
0.885,0.764,0.842,0.8,0.775,1
0.805,0.881,0.835,0.768,0.765,1
0.848,0.863,0.763,0.757,0.766,1
0.743,0.832,0.812,0.777,0.716,1
0.78,0.745,0.836,0.825,0.83,1
0.79,0.842,0.846,0.826,0.865,1
0.793,0.742,0.736,0.883,0.74,1
0.825,0.802,0.795,0.863,0.875,1
0.765,0.809,0.809,0.73,0.832,1
0.827,0.798,0.875,0.717,0.839,1
0.774,0.748,0.837,0.794,0.776,1
0.885,0.736,0.742,0.762,0.815,1
0.799,0.797,0.753,0.751,0.816,1
0.71,0.829,0.786,0.855,0.821,1
0.824,0.811,0.689,0.819,0.792,1
0.853,0.759,0.75,0.853,0.761,1
0.837,0.734,0.796,0.821,0.792,1
0.787,0.844,0.702,0.758,0.715,1
0.754,0.76,0.82,0.787,0.828,1
0.857,0.872,0.785,0.65,0.815,1
0.859,0.738,0.769,0.833,0.824,1
0.829,0.827,0.704,0.839,0.773,1
0.908,0.883,0.794,0.866,0.766,1
0.822,0.826,0.844,0.729,0.906,1
0.818,0.86,0.784,0.802,0.794,1
0.806,0.79,0.835,0.914,0.727,1
0.765,0.707,0.788,0.793,0.823,1
0.774,0.707,0.75,0.818,0.792,1
0.9,0.881,0.796,0.835,0.831,1
0.878,0.842,0.794,0.756,0.76,1
0.798,0.759,0.756,0.813,0.723,1
0.755,0.904,0.694,0.847,0.812,1
0.758,0.84,0.738,0.81,0.791,1
0.796,0.795,0.832,0.837,0.87,1
0.774,0.797,0.829,0.832,0.725,1
0.793,0.833,0.887,0.714,0.852,1
0.735,0.819,0.8,0.768,0.788,1
0.823,0.847,0.796,0.849,0.738,1
0.764,0.727,0.807,0.818,0.838,1
0.805,0.841,0.711,0.808,0.763,1
0.829,0.778,0.803,0.878,0.867,1
0.801,0.759,0.844,0.792,0.787,1
0.779,0.757,0.81,0.858,0.851,1
0.776,0.717,0.71,0.809,0.749,1
0.804,0.804,0.841,0.695,0.795,1
0.804,0.783,0.805,0.761,0.779,1
0.845,0.753,0.818,0.834,0.779,1
0.794,0.755,0.818,0.761,0.745,1
0.835,0.817,0.829,0.714,0.714,1
0.766,0.771,0.792,0.794,0.784,1
0.711,0.866,0.842,0.873,0.755,1
0.731,0.776,0.753,0.794,0.809,1
0.828,0.703,0.778,0.812,0.889,1
0.838,0.776,0.817,0.879,0.813,1
0.795,0.918,0.815,0.84,0.83,1
0.771,0.803,0.789,0.834,0.805,1
0.763,0.796,0.825,0.815,0.729,1
0.856,0.86,0.797,0.821,0.872,1
0.836,0.804,0.748,0.894,0.809,1
0.777,0.782,0.792,0.712,0.823,1
0.864,0.783,0.841,0.789,0.799,1
0.795,0.833,0.793,0.873,0.759,1
0.807,0.909,0.872,0.747,0.779,1
0.852,0.766,0.8,0.809,0.75,1
0.801,0.756,0.845,0.828,0.822,1
0.85,0.792,0.805,0.848,0.734,1
0.772,0.755,0.879,0.822,0.797,1
0.849,0.887,0.762,0.802,0.844,1
0.854,0.721,0.813,0.767,0.785,1
0.804,0.762,0.783,0.842,0.826,1
0.836,0.753,0.78,0.877,0.803,1
0.803,0.711,0.758,0.788,0.775,1
0.764,0.785,0.742,0.899,0.678,1
0.821,0.812,0.785,0.754,0.801,1
0.77,0.8,0.77,0.676,0.851,1
0.851,0.813,0.843,0.879,0.717,1
0.807,0.752,0.785,0.785,0.851,1
0.769,0.909,0.773,0.746,0.764,1
0.768,0.784,0.778,0.767,0.795,1
0.74,0.748,0.762,0.795,0.686,1
0.827,0.872,0.765,0.816,0.778,1
0.707,0.786,0.852,0.803,0.811,1
0.815,0.843,0.794,0.829,0.871,1
0.756,0.789,0.852,0.821,0.826,1
0.839,0.767,0.787,0.721,0.717,1
0.786,0.892,0.845,0.751,0.776,1
0.866,0.769,0.822,0.729,0.781,1
0.825,0.813,0.795,0.76,0.798,1
0.823,0.819,0.736,0.805,0.755,1
0.809,0.734,0.785,0.889,0.851,1
0.746,0.77,0.805,0.831,0.653,1
0.876,0.849,0.818,0.824,0.831,1
0.769,0.813,0.79,0.746,0.796,1
0.777,0.762,0.775,0.8,0.755,1
0.782,0.757,0.837,0.777,0.856,1
0.698,0.78,0.868,0.696,0.889,1
0.768,0.777,0.707,0.746,0.778,1
0.818,0.726,0.75,0.781,0.793,1
0.809,0.763,0.842,0.761,0.729,1
0.814,0.862,0.918,0.798,0.777,1
0.821,0.8,0.793,0.743,0.822,1
0.843,0.802,0.84,0.827,0.797,1
0.913,0.79,0.792,0.791,0.856,1
0.874,0.821,0.799,0.87,0.892,1
0.783,0.875,0.713,0.871,0.799,1
0.743,0.803,0.859,0.741,0.805,1
0.787,0.904,0.819,0.847,0.867,1
0.818,0.781,0.715,0.847,0.867,1
0.825,0.821,0.809,0.662,0.761,1
0.824,0.865,0.895,0.81,0.825,1
0.764,0.773,0.695,0.697,0.738,1
0.682,0.788,0.722,0.854,0.791,1
0.784,0.827,0.747,0.797,0.779,1
0.762,0.814,0.819,0.856,0.839,1
0.873,0.802,0.797,0.793,0.846,1
0.765,0.854,0.779,0.739,0.776,1
0.806,0.868,0.844,0.826,0.861,1
0.883,0.782,0.808,0.766,0.785,1
0.815,0.794,0.763,0.837,0.739,1
0.827,0.781,0.801,0.773,0.874,1
0.826,0.812,0.825,0.786,0.833,1
0.839,0.896,0.818,0.837,0.787,1
0.763,0.734,0.804,0.758,0.858,1
0.733,0.822,0.807,0.788,0.825,1
0.757,0.767,0.792,0.786,0.756,1
0.833,0.717,0.82,0.875,0.706,1
0.798,0.806,0.779,0.806,0.762,1
0.788,0.803,0.855,0.849,0.811,1
0.825,0.759,0.775,0.752,0.846,1
0.876,0.816,0.731,0.727,0.852,1
0.803,0.763,0.862,0.889,0.865,1
0.781,0.853,0.804,0.81,0.82,1
0.749,0.753,0.775,0.724,0.856,1
0.799,0.848,0.76,0.864,0.759,1
0.926,0.861,0.741,0.848,0.765,1
0.724,0.841,0.848,0.786,0.859,1
0.811,0.892,0.751,0.917,0.774,1
0.843,0.927,0.8,0.774,0.737,1
0.91,0.842,0.792,0.809,0.711,1
0.771,0.808,0.828,0.8,0.831,1
0.772,0.832,0.818,0.806,0.821,1
0.803,0.876,0.827,0.76,0.754,1
0.807,0.725,0.814,0.765,0.695,1
0.754,0.718,0.777,0.718,0.822,1
0.815,0.802,0.773,0.816,0.694,1
0.834,0.727,0.755,0.823,0.852,1
0.825,0.796,0.734,0.812,0.867,1
0.805,0.752,0.75,0.879,0.736,1
0.747,0.862,0.763,0.821,0.825,1
0.813,0.852,0.761,0.862,0.763,1
0.818,0.73,0.861,0.923,0.827,1
0.774,0.814,0.761,0.714,0.78,1
0.805,0.791,0.779,0.859,0.731,1
0.844,0.803,0.756,0.778,0.745,1
0.816,0.849,0.787,0.806,0.758,1
0.796,0.871,0.728,0.745,0.754,1
0.815,0.755,0.807,0.754,0.79,1
0.831,0.663,0.752,0.79,0.787,1
0.775,0.739,0.9,0.772,0.782,1
0.831,0.726,0.785,0.804,0.795,1
0.825,0.752,0.803,0.858,0.751,1
0.799,0.845,0.774,0.889,0.77,1
0.792,0.794,0.807,0.768,0.863,1
0.761,0.773,0.88,0.819,0.8,1
0.821,0.867,0.845,0.764,0.761,1
0.779,0.932,0.786,0.765,0.843,1
0.716,0.793,0.739,0.781,0.805,1
0.78,0.82,0.871,0.79,0.836,1
0.767,0.82,0.797,0.875,0.763,1
0.791,0.805,0.837,0.788,0.741,1
0.715,0.828,0.754,0.824,0.822,1
0.797,0.842,0.702,0.791,0.804,1
0.889,0.76,0.84,0.804,0.747,1
0.798,0.713,0.787,0.874,0.713,1
0.733,0.783,0.764,0.792,0.805,1
0.777,0.814,0.793,0.867,0.843,1
0.793,0.802,0.809,0.792,0.816,1
0.781,0.877,0.831,0.741,0.77,1
0.767,0.712,0.874,0.845,0.804,1
0.769,0.845,0.72,0.82,0.819,1
0.875,0.782,0.766,0.896,0.82,1
0.869,0.786,0.757,0.783,0.838,1
0.94,0.772,0.83,0.77,0.869,1
0.869,0.813,0.823,0.84,0.65,1
0.869,0.933,0.82,0.746,0.78,1
0.811,0.912,0.846,0.85,0.813,1
0.782,0.831,0.953,0.772,0.787,1
0.847,0.873,0.795,0.75,0.73,1
0.845,0.741,0.833,0.78,0.843,1
0.882,0.864,0.882,0.779,0.774,1
0.856,0.723,0.862,0.744,0.802,1
0.825,0.752,0.828,0.786,0.785,1
0.86,0.772,0.848,0.851,0.896,1
0.746,0.849,0.851,0.792,0.755,1
0.747,0.845,0.853,0.868,0.8,1
0.786,0.68,0.783,0.834,0.749,1
0.776,0.84,0.826,0.795,0.696,1
0.764,0.748,0.864,0.726,0.825,1
0.841,0.822,0.778,0.904,0.757,1
0.782,0.837,0.827,0.779,0.764,1
0.809,0.679,0.709,0.839,0.671,1
0.776,0.8,0.764,0.773,0.826,1
0.786,0.675,0.83,0.813,0.801,1
0.755,0.71,0.9,0.797,0.847,1
0.822,0.795,0.879,0.863,0.86,1
0.763,0.751,0.857,0.809,0.794,1
0.759,0.725,0.855,0.806,0.753,1
0.788,0.741,0.769,0.757,0.82,1
0.82,0.793,0.893,0.801,0.776,1
0.825,0.845,0.741,0.893,0.81,1
0.767,0.859,0.841,0.896,0.848,1
0.763,0.802,0.797,0.842,0.717,1
0.83,0.78,0.738,0.73,0.753,1
0.825,0.833,0.809,0.847,0.773,1
0.832,0.828,0.79,0.762,0.758,1
0.761,0.815,0.797,0.723,0.825,1
0.833,0.747,0.847,0.834,0.806,1
0.778,0.863,0.795,0.88,0.795,1
0.633,0.742,0.839,0.822,0.84,1
0.855,0.881,0.781,0.845,0.838,1
0.757,0.83,0.853,0.848,0.895,1
0.921,0.811,0.776,0.836,0.806,1
0.84,0.815,0.713,0.772,0.762,1
0.693,0.828,0.88,0.747,0.849,1
0.728,0.764,0.795,0.822,0.871,1
0.782,0.814,0.791,0.816,0.742,1
0.78,0.794,0.699,0.817,0.797,1
0.766,0.785,0.797,0.882,0.773,1
0.733,0.802,0.876,0.786,0.804,1
0.751,0.76,0.827,0.818,0.809,1
0.784,0.85,0.765,0.833,0.813,1
0.743,0.766,0.74,0.814,0.809,1
0.757,0.778,0.775,0.816,0.814,1
0.82,0.859,0.813,0.856,0.74,1
0.772,0.816,0.781,0.866,0.743,1
0.831,0.885,0.758,0.764,0.884,1
0.8,0.753,0.765,0.826,0.853,1
0.678,0.789,0.769,0.896,0.8,1
0.84,0.76,0.784,0.672,0.851,1
0.854,0.781,0.743,0.923,0.771,1
0.805,0.849,0.821,0.762,0.907,1
0.733,0.825,0.769,0.792,0.815,1
0.717,0.814,0.857,0.774,0.856,1
0.834,0.825,0.75,0.759,0.816,1
0.824,0.809,0.713,0.841,0.745,1
0.869,0.905,0.872,0.791,0.821,1
0.716,0.786,0.915,0.703,0.817,1
0.791,0.826,0.777,0.84,0.798,1
0.745,0.755,0.823,0.726,0.842,1
0.692,0.875,0.745,0.872,0.884,1
0.787,0.877,0.81,0.82,0.877,1
0.787,0.846,0.761,0.88,0.771,1
0.857,0.811,0.833,0.702,0.798,1
0.829,0.823,0.774,0.851,0.79,1
0.745,0.815,0.797,0.759,0.736,1
0.849,0.769,0.787,0.867,0.784,1
0.816,0.774,0.769,0.723,0.883,1
0.821,0.817,0.8,0.756,0.808,1
0.749,0.817,0.823,0.79,0.832,1
0.832,0.82,0.724,0.763,0.796,1
0.861,0.797,0.81,0.803,0.781,1
0.818,0.723,0.762,0.89,0.845,1
0.769,0.824,0.779,0.746,0.811,1
0.763,0.865,0.789,0.763,0.8,1
0.789,0.838,0.835,0.754,0.835,1
0.859,0.818,0.851,0.769,0.853,1
0.805,0.858,0.812,0.826,0.716,1
0.735,0.803,0.746,0.739,0.676,1
0.746,0.812,0.74,0.829,0.708,1
0.896,0.859,0.679,0.7,0.801,1
0.715,0.763,0.817,0.702,0.831,1
0.795,0.728,0.865,0.832,0.767,1
0.852,0.767,0.713,0.791,0.804,1
0.795,0.797,0.805,0.791,0.808,1
0.852,0.798,0.835,0.78,0.76,1
0.729,0.819,0.808,0.735,0.737,1
0.882,0.819,0.779,0.805,0.766,1
0.805,0.81,0.723,0.742,0.811,1
0.739,0.843,0.787,0.786,0.833,1
0.811,0.841,0.765,0.818,0.832,1
0.786,0.783,0.821,0.843,0.768,1
0.824,0.758,0.723,0.828,0.797,1
0.751,0.752,0.817,0.813,0.847,1
0.809,0.78,0.85,0.899,0.796,1
0.775,0.801,0.775,0.732,0.805,1
0.8,0.756,0.853,0.935,0.815,1
0.755,0.799,0.824,0.794,0.802,1
0.817,0.752,0.829,0.763,0.89,1
0.768,0.711,0.839,0.737,0.992,1
0.862,0.836,0.757,0.836,0.838,1
0.788,0.773,0.765,0.824,0.829,1
0.776,0.79,0.843,0.864,0.801,1
0.782,0.832,0.705,0.774,0.759,1
0.775,0.815,0.855,0.904,0.88,1
0.782,0.812,0.771,0.817,0.783,1
0.831,0.85,0.776,0.866,0.833,1
0.779,0.762,0.879,0.749,0.891,1
0.899,0.822,0.813,0.792,0.752,1
0.847,0.771,0.795,0.906,0.81,1
0.925,0.881,0.843,0.837,0.898,1
0.79,0.774,0.794,0.743,0.757,1
0.779,0.852,0.821,0.785,0.774,1
0.76,0.74,0.748,0.718,0.812,1
0.82,0.774,0.805,0.826,0.833,1
0.787,0.819,0.811,0.714,0.859,1
0.828,0.822,0.829,0.867,0.736,1
0.919,0.77,0.747,0.708,0.752,1
0.802,0.773,0.735,0.835,0.697,1
0.744,0.906,0.823,0.788,0.81,1
0.81,0.83,0.808,0.81,0.808,1
0.771,0.771,0.858,0.754,0.805,1
0.736,0.733,0.751,0.774,0.815,1
0.868,0.776,0.793,0.784,0.884,1
0.84,0.779,0.83,0.776,0.82,1
0.746,0.73,0.778,0.777,0.76,1
0.782,0.798,0.752,0.854,0.825,1
0.794,0.808,0.855,0.848,0.841,1
0.771,0.897,0.781,0.85,0.821,1
0.798,0.84,0.756,0.705,0.871,1
0.833,0.8,0.819,0.77,0.881,1
0.809,0.759,0.854,0.857,0.881,1
0.711,0.786,0.776,0.827,0.858,1
0.78,0.784,0.816,0.836,0.861,1
0.729,0.735,0.8,0.771,0.864,1
0.776,0.825,0.769,0.918,0.769,1
0.769,0.903,0.904,0.781,0.773,1
0.805,0.801,0.799,0.799,0.864,1
0.757,0.905,0.704,0.717,0.848,1
0.819,0.858,0.873,0.808,0.71,1
0.836,0.789,0.816,0.73,0.775,1
0.821,0.81,0.783,0.839,0.791,1
0.82,0.784,0.792,0.68,0.831,1
0.844,0.76,0.725,0.825,0.802,1
0.791,0.822,0.761,0.759,0.778,1
0.764,0.858,0.858,0.782,0.805,1
0.909,0.786,0.778,0.833,0.849,1
0.796,0.819,0.785,0.735,0.814,1
0.855,0.746,0.823,0.719,0.804,1
0.823,0.868,0.799,0.761,0.772,1
0.85,0.746,0.867,0.69,0.737,1
0.834,0.827,0.77,0.793,0.76,1
0.799,0.86,0.717,0.846,0.821,1
0.798,0.873,0.854,0.803,0.858,1
0.738,0.76,0.869,0.853,0.783,1
0.738,0.825,0.759,0.687,0.786,1
0.75,0.846,0.725,0.752,0.863,1
0.781,0.863,0.857,0.752,0.857,1
0.843,0.77,0.735,0.851,0.749,1
0.872,0.839,0.748,0.683,0.783,1
0.827,0.735,0.813,0.727,0.864,1
0.81,0.919,0.818,0.892,0.865,1
0.826,0.723,0.822,0.769,0.819,1
0.758,0.837,0.794,0.785,0.805,1
0.652,0.84,0.793,0.889,0.822,1
0.883,0.758,0.787,0.762,0.827,1
0.839,0.712,0.828,0.765,0.739,1
0.745,0.819,0.769,0.811,0.78,1
0.787,0.73,0.777,0.854,0.819,1
0.845,0.793,0.878,0.747,0.873,1
0.866,0.749,0.843,0.789,0.85,1
0.843,0.865,0.758,0.722,0.769,1
0.751,0.788,0.789,0.769,0.857,1
0.836,0.836,0.764,0.793,0.879,1
0.751,0.79,0.821,0.789,0.888,1
0.775,0.832,0.773,0.781,0.791,1
0.854,0.8,0.861,0.816,0.78,1
0.765,0.705,0.803,0.837,0.796,1
0.811,0.871,0.802,0.808,0.8,1
0.81,0.727,0.738,0.746,0.832,1
0.753,0.779,0.838,0.746,0.727,1
0.725,0.882,0.789,0.762,0.664,1
0.813,0.763,0.726,0.878,0.841,1
0.783,0.722,0.898,0.866,0.874,1
0.838,0.797,0.775,0.794,0.887,1
0.79,0.743,0.797,0.765,0.884,1
0.737,0.751,0.785,0.73,0.663,1
0.752,0.736,0.814,0.866,0.823,1
0.746,0.801,0.829,0.791,0.741,1
0.776,0.843,0.816,0.819,0.779,1
0.792,0.783,0.787,0.736,0.876,1
0.774,0.787,0.743,0.766,0.685,1
0.835,0.797,0.741,0.818,0.78,1
0.76,0.708,0.757,0.826,0.791,1
0.727,0.781,0.798,0.805,0.739,1
0.75,0.784,0.82,0.868,0.79,1
0.72,0.785,0.796,0.762,0.732,1
0.75,0.814,0.829,0.765,0.753,1
0.816,0.815,0.862,0.778,0.847,1
0.784,0.735,0.842,0.83,0.835,1
0.839,0.827,0.773,0.701,0.768,1
0.8,0.771,0.821,0.871,0.794,1
0.755,0.871,0.79,0.798,0.689,1
0.712,0.845,0.818,0.863,0.912,1
0.795,0.799,0.791,0.808,0.853,1
0.764,0.879,0.703,0.826,0.865,1
0.815,0.832,0.743,0.884,0.858,1
0.765,0.706,0.753,0.772,0.701,1
0.812,0.825,0.805,0.789,0.86,1
0.815,0.915,0.769,0.815,0.76,1
0.788,0.845,0.826,0.855,0.848,1
0.766,0.663,0.696,0.903,0.743,1
0.857,0.773,0.758,0.835,0.847,1
0.842,0.775,0.841,0.806,0.892,1
0.819,0.847,0.73,0.887,0.88,1
0.757,0.866,0.758,0.812,0.781,1
0.727,0.791,0.774,0.855,0.745,1
0.772,0.751,0.839,0.813,0.842,1
0.769,0.811,0.85,0.782,0.781,1
0.808,0.823,0.804,0.736,0.774,1
0.746,0.946,0.811,0.715,0.781,1
0.742,0.917,0.831,0.777,0.862,1
0.851,0.763,0.748,0.737,0.785,1
0.797,0.789,0.831,0.816,0.796,1
0.846,0.709,0.796,0.739,0.821,1
0.843,0.766,0.696,0.9,0.871,1
0.862,0.751,0.83,0.815,0.819,1
0.869,0.912,0.811,0.821,0.874,1
0.804,0.798,0.806,0.891,0.871,1
0.674,0.893,0.792,0.734,0.869,1
0.827,0.808,0.802,0.874,0.839,1
0.765,0.71,0.757,0.776,0.776,1
0.859,0.744,0.789,0.876,0.755,1
0.826,0.781,0.906,0.824,0.747,1
0.743,0.759,0.739,0.847,0.73,1
0.823,0.812,0.87,0.881,0.871,1
0.768,0.802,0.744,0.906,0.797,1
0.876,0.846,0.779,0.76,0.791,1
0.778,0.79,0.868,0.863,0.891,1
0.718,0.745,0.78,0.915,0.918,1
0.776,0.805,0.813,0.894,0.834,1
0.878,0.813,0.765,0.76,0.764,1
0.842,0.853,0.913,0.83,0.803,1
0.768,0.811,0.842,0.689,0.749,1
0.733,0.903,0.841,0.778,0.822,1
0.868,0.778,0.818,0.795,0.818,1
0.813,0.83,0.771,0.755,0.813,1
0.786,0.802,0.861,0.774,0.79,1
0.817,0.796,0.78,0.753,0.732,1
0.785,0.856,0.902,0.781,0.82,1
0.829,0.822,0.753,0.844,0.833,1
0.721,0.826,0.824,0.755,0.754,1
0.865,0.832,0.9,0.737,0.775,1
0.768,0.759,0.764,0.799,0.724,1
0.765,0.77,0.855,0.796,0.825,1
0.786,0.754,0.789,0.844,0.856,1
0.86,0.916,0.903,0.799,0.793,1
0.808,0.81,0.774,0.724,0.82,1
0.765,0.791,0.722,0.855,0.728,1
0.895,0.754,0.825,0.794,0.746,1
0.764,0.831,0.777,0.845,0.794,1
0.767,0.807,0.832,0.835,0.896,1
0.763,0.742,0.851,0.763,0.804,1
0.749,0.779,0.773,0.815,0.819,1
0.776,0.765,0.843,0.725,0.788,1
0.789,0.813,0.862,0.827,0.841,1
0.769,0.797,0.728,0.827,0.744,1
0.849,0.788,0.882,0.773,0.789,1
0.729,0.85,0.817,0.849,0.701,1
0.82,0.879,0.885,0.753,0.906,1
0.738,0.747,0.853,0.747,0.805,1
0.779,0.899,0.805,0.893,0.832,1
0.758,0.899,0.808,0.827,0.822,1
0.893,0.729,0.883,0.719,0.753,1
0.723,0.812,0.794,0.822,0.701,1
0.759,0.83,0.842,0.732,0.786,1
0.835,0.853,0.66,0.827,0.76,1
0.699,0.873,0.789,0.833,0.843,1
0.801,0.773,0.764,0.833,0.805,1
0.809,0.765,0.715,0.86,0.772,1
0.844,0.896,0.919,0.778,0.705,1
0.758,0.904,0.792,0.824,0.811,1
0.785,0.848,0.893,0.927,0.819,1
0.728,0.843,0.789,0.771,0.682,1
0.859,0.834,0.803,0.791,0.84,1
0.767,0.848,0.885,0.814,0.838,1
0.69,0.786,0.692,0.807,0.835,1
0.812,0.781,0.851,0.787,0.806,1
0.8,0.716,0.78,0.805,0.775,1
0.792,0.869,0.79,0.799,0.79,1
0.721,0.874,0.79,0.809,0.764,1
0.732,0.754,0.877,0.853,0.73,1
0.762,0.825,0.875,0.772,0.745,1
0.781,0.788,0.91,0.818,0.79,1
0.778,0.762,0.775,0.799,0.834,1
0.716,0.815,0.812,0.78,0.821,1
0.828,0.718,0.805,0.795,0.89,1
0.808,0.848,0.75,0.839,0.858,1
0.838,0.76,0.861,0.737,0.82,1
0.816,0.791,0.768,0.799,0.779,1
0.903,0.867,0.889,0.802,0.802,1
0.816,0.839,0.821,0.744,0.79,1
0.848,0.941,0.775,0.78,0.782,1
0.873,0.812,0.787,0.802,0.805,1
0.815,0.83,0.839,0.849,0.876,1
0.787,0.794,0.781,0.817,0.841,1
0.83,0.799,0.756,0.75,0.752,1
0.765,0.788,0.851,0.837,0.727,1
0.728,0.786,0.837,0.792,0.8,1
0.782,0.842,0.818,0.793,0.731,1
0.808,0.781,0.807,0.721,0.882,1
0.806,0.857,0.835,0.841,0.776,1
0.768,0.732,0.836,0.816,0.829,1
0.754,0.797,0.743,0.715,0.8,1
0.727,0.973,0.824,0.862,0.845,1
0.812,0.746,0.812,0.886,0.755,1
0.855,0.79,0.844,0.768,0.852,1
0.865,0.79,0.805,0.828,0.834,1
0.871,0.795,0.793,0.805,0.819,1
0.729,0.831,0.859,0.809,0.82,1
0.778,0.818,0.795,0.809,0.767,1
0.827,0.861,0.782,0.808,0.857,1
0.791,0.747,0.828,0.79,0.817,1
0.797,0.818,0.796,0.775,0.851,1
0.791,0.835,0.885,0.769,0.793,1
0.804,0.79,0.827,0.748,0.745,1
0.777,0.811,0.828,0.83,0.786,1
0.71,0.832,0.764,0.818,0.797,1
0.751,0.817,0.811,0.843,0.811,1
0.901,0.757,0.903,0.887,0.785,1
0.738,0.778,0.784,0.829,0.831,1
0.832,0.711,0.701,0.809,0.866,1
0.808,0.892,0.744,0.804,0.859,1
0.807,0.869,0.847,0.785,0.786,1
0.732,0.804,0.898,0.72,0.795,1
0.854,0.815,0.713,0.795,0.827,1
0.81,0.786,0.802,0.871,0.756,1
0.883,0.772,0.803,0.794,0.843,1
0.868,0.794,0.709,0.779,0.723,1
0.7,0.779,0.785,0.792,0.719,1
0.83,0.884,0.782,0.887,0.718,1
0.843,0.839,0.803,0.807,0.809,1
0.751,0.731,0.849,0.827,0.824,1
0.785,0.755,0.755,0.73,0.753,1
0.831,0.825,0.787,0.877,0.771,1
0.809,0.886,0.89,0.872,0.871,1
0.755,0.784,0.768,0.873,0.733,1
0.778,0.77,0.76,0.756,0.884,1
0.84,0.809,0.741,0.774,0.813,1
0.789,0.795,0.774,0.817,0.807,1
0.835,0.85,0.834,0.787,0.804,1
0.666,0.773,0.844,0.8,0.742,1
0.741,0.783,0.768,0.761,0.852,1
0.877,0.821,0.75,0.882,0.873,1
0.798,0.837,0.761,0.75,0.891,1
0.831,0.802,0.815,0.807,0.836,1
0.858,0.883,0.756,0.8,0.803,1
0.726,0.885,0.81,0.726,0.804,1
0.779,0.74,0.865,0.817,0.817,1
0.864,0.878,0.803,0.758,0.777,1
0.824,0.782,0.814,0.86,0.871,1
0.758,0.787,0.863,0.771,0.798,1
0.82,0.865,0.777,0.838,0.798,1
0.825,0.797,0.812,0.742,0.756,1
0.749,0.796,0.806,0.813,0.828,1
0.722,0.824,0.776,0.725,0.765,1
0.837,0.735,0.87,0.74,0.789,1
0.813,0.755,0.754,0.829,0.775,1
0.757,0.797,0.807,0.831,0.77,1
0.851,0.785,0.722,0.752,0.813,1
0.803,0.687,0.733,0.808,0.821,1
0.729,0.819,0.792,0.801,0.801,1
0.816,0.803,0.84,0.803,0.854,1
0.8,0.783,0.674,0.839,0.827,1
0.719,0.695,0.798,0.752,0.786,1
0.872,0.796,0.813,0.82,0.819,1
0.688,0.831,0.91,0.788,0.852,1
0.849,0.885,0.774,0.885,0.721,1
0.811,0.822,0.791,0.746,0.858,1
0.75,0.798,0.811,0.783,0.793,1
0.788,0.767,0.761,0.829,0.852,1
0.812,0.77,0.807,0.906,0.809,1
0.73,0.695,0.856,0.745,0.793,1
0.767,0.792,0.874,0.831,0.793,1
0.766,0.715,0.815,0.8,0.709,1
0.762,0.727,0.772,0.821,0.723,1
0.798,0.759,0.841,0.825,0.827,1
0.743,0.725,0.877,0.791,0.738,1
0.769,0.864,0.745,0.836,0.701,1
0.903,0.803,0.772,0.751,0.707,1
0.777,0.754,0.821,0.795,0.799,1
0.827,0.864,0.767,0.741,0.819,1
0.755,0.705,0.738,0.893,0.828,1
0.797,0.761,0.859,0.797,0.702,1
0.677,0.739,0.824,0.71,0.726,1
0.856,0.912,0.696,0.742,0.783,1
0.766,0.782,0.687,0.763,0.795,1
0.724,0.814,0.744,0.757,0.885,1
0.718,0.884,0.708,0.787,0.809,1
0.846,0.73,0.846,0.856,0.844,1
0.709,0.827,0.826,0.78,0.889,1
0.8,0.776,0.799,0.812,0.815,1
0.835,0.789,0.722,0.852,0.778,1
0.794,0.804,0.79,0.825,0.805,1
0.834,0.88,0.834,0.817,0.85,1
0.784,0.768,0.84,0.786,0.76,1
0.774,0.822,0.74,0.829,0.732,1
0.809,0.856,0.815,0.843,0.809,1
0.876,0.815,0.832,0.762,0.778,1
0.794,0.774,0.736,0.721,0.907,1
0.788,0.801,0.856,0.814,0.847,1
0.768,0.78,0.794,0.787,0.722,1
0.849,0.774,0.8,0.763,0.813,1
0.799,0.768,0.881,0.821,0.772,1
0.794,0.804,0.869,0.872,0.823,1
0.685,0.745,0.82,0.725,0.818,1
0.713,0.874,0.791,0.787,0.734,1
0.76,0.692,0.806,0.792,0.829,1
0.789,0.843,0.822,0.818,0.817,1
0.772,0.795,0.8,0.815,0.711,1
0.871,0.752,0.831,0.809,0.759,1
0.864,0.82,0.77,0.727,0.826,1
0.82,0.788,0.853,0.863,0.861,1
0.779,0.756,0.818,0.797,0.79,1
0.724,0.788,0.784,0.782,0.76,1
0.807,0.751,0.782,0.836,0.816,1
0.845,0.785,0.709,0.865,0.885,1
0.743,0.822,0.82,0.733,0.768,1
0.641,0.856,0.773,0.828,0.881,1
0.836,0.82,0.847,0.766,0.787,1
0.816,0.821,0.798,0.793,0.882,1
0.832,0.856,0.848,0.794,0.797,1
0.82,0.781,0.887,0.753,0.81,1
0.769,0.744,0.809,0.84,0.829,1
0.758,0.754,0.809,0.773,0.842,1
0.843,0.812,0.786,0.653,0.788,1
0.766,0.785,0.802,0.704,0.777,1
0.827,0.799,0.817,0.708,0.842,1
0.802,0.788,0.745,0.698,0.747,1
0.843,0.856,0.738,0.848,0.85,1
0.826,0.699,0.749,0.733,0.837,1
0.856,0.78,0.884,0.789,0.805,1
0.819,0.809,0.822,0.782,0.77,1
0.763,0.756,0.835,0.839,0.695,1
0.78,0.858,0.78,0.838,0.857,1
0.781,0.724,0.866,0.771,0.729,1
0.86,0.768,0.765,0.745,0.779,1
0.804,0.754,0.803,0.73,0.792,1
0.8,0.84,0.795,0.841,0.757,1
0.796,0.89,0.739,0.758,0.781,1
0.768,0.888,0.749,0.794,0.795,1
0.852,0.754,0.728,0.821,0.783,1
0.805,0.759,0.782,0.756,0.758,1
0.788,0.82,0.737,0.837,0.871,1
0.851,0.75,0.824,0.885,0.815,1
0.772,0.765,0.753,0.802,0.858,1
0.792,0.864,0.773,0.793,0.77,1
0.776,0.89,0.781,0.804,0.8,1
0.844,0.908,0.85,0.776,0.866,1
0.796,0.789,0.864,0.805,0.815,1
0.673,0.862,0.753,0.768,0.781,1
0.816,0.82,0.843,0.805,0.784,1
0.823,0.767,0.762,0.788,0.824,1
0.689,0.787,0.769,0.85,0.759,1
0.845,0.803,0.771,0.772,0.767,1
0.815,0.752,0.756,0.793,0.863,1
0.815,0.776,0.759,0.786,0.817,1
0.889,0.815,0.77,0.707,0.717,1
0.869,0.845,0.839,0.795,0.778,1
0.802,0.82,0.771,0.771,0.808,1
0.816,0.831,0.829,0.823,0.776,1
0.861,0.76,0.771,0.805,0.822,1
0.869,0.839,0.723,0.829,0.748,1
0.846,0.754,0.843,0.786,0.902,1
0.712,0.805,0.756,0.793,0.731,1
0.8,0.836,0.742,0.746,0.856,1
0.738,0.754,0.737,0.861,0.812,1
0.842,0.769,0.821,0.791,0.835,1
0.755,0.767,0.916,0.818,0.803,1
0.877,0.714,0.827,0.765,0.83,1
0.757,0.84,0.782,0.692,0.832,1
0.82,0.806,0.847,0.857,0.799,1
0.848,0.885,0.759,0.747,0.836,1
0.71,0.847,0.794,0.801,0.778,1
0.819,0.789,0.795,0.785,0.902,1
0.855,0.76,0.812,0.825,0.769,1
0.831,0.782,0.777,0.856,0.803,1
0.822,0.869,0.823,0.826,0.679,1
0.829,0.789,0.686,0.765,0.829,1
0.777,0.812,0.769,0.796,0.782,1
0.874,0.855,0.811,0.823,0.718,1
0.82,0.795,0.772,0.834,0.784,1
0.898,0.805,0.806,0.74,0.859,1
0.808,0.825,0.809,0.828,0.809,1
0.867,0.873,0.833,0.744,0.793,1
0.837,0.811,0.822,0.801,0.871,1
0.801,0.781,0.799,0.801,0.713,1
0.822,0.778,0.755,0.751,0.787,1
0.674,0.78,0.844,0.784,0.737,1
0.751,0.8,0.717,0.749,0.792,1
0.741,0.799,0.811,0.768,0.761,1
0.772,0.78,0.865,0.759,0.825,1
0.77,0.831,0.803,0.809,0.734,1
0.828,0.86,0.88,0.821,0.72,1
0.775,0.766,0.8,0.809,0.808,1
0.853,0.744,0.805,0.699,0.822,1
0.75,0.812,0.915,0.839,0.89,1
0.732,0.795,0.816,0.752,0.811,1
0.77,0.756,0.762,0.773,0.743,1
0.796,0.892,0.759,0.754,0.806,1
0.839,0.906,0.878,0.934,0.848,1
0.863,0.799,0.811,0.812,0.86,1
0.85,0.808,0.817,0.747,0.77,1
0.772,0.857,0.819,0.838,0.838,1
0.715,0.807,0.885,0.82,0.791,1
0.736,0.92,0.854,0.844,0.78,1
0.771,0.754,0.793,0.761,0.87,1
0.887,0.841,0.827,0.788,0.809,1
0.76,0.917,0.822,0.861,0.719,1
0.846,0.836,0.851,0.796,0.911,1
0.819,0.8,0.825,0.77,0.782,1
0.802,0.662,0.828,0.852,0.773,1
0.849,0.827,0.856,0.759,0.897,1
0.787,0.837,0.789,0.702,0.762,1
0.818,0.759,0.769,0.747,0.753,1
0.717,0.736,0.76,0.83,0.719,1
0.803,0.892,0.764,0.816,0.839,1
0.784,0.952,0.774,0.863,0.821,1
0.812,0.763,0.829,0.743,0.82,1
0.771,0.854,0.785,0.813,0.819,1
0.754,0.788,0.798,0.748,0.79,1
0.818,0.83,0.849,0.817,0.792,1
0.759,0.897,0.716,0.836,0.832,1
0.847,0.916,0.823,0.827,0.825,1
0.842,0.76,0.864,0.783,0.719,1
0.855,0.784,0.867,0.815,0.825,1
0.777,0.843,0.818,0.81,0.802,1
0.794,0.744,0.785,0.911,0.873,1
0.826,0.733,0.803,0.8,0.812,1
0.824,0.848,0.795,0.763,0.714,1
0.759,0.851,0.902,0.827,0.793,1
0.812,0.671,0.726,0.73,0.739,1
0.811,0.829,0.677,0.9,0.852,1
0.842,0.754,0.759,0.82,0.764,1
0.863,0.827,0.795,0.872,0.793,1
0.779,0.74,0.753,0.896,0.82,1
0.761,0.734,0.817,0.756,0.758,1
0.798,0.786,0.751,0.813,0.766,1
0.843,0.796,0.783,0.833,0.817,1
0.823,0.858,0.832,0.818,0.816,1
0.773,0.809,0.877,0.838,0.775,1
0.739,0.79,0.748,0.852,0.85,1
0.859,0.778,0.7,0.738,0.814,1
0.855,0.829,0.806,0.807,0.817,1
0.896,0.819,0.8,0.832,0.727,1
0.801,0.737,0.847,0.788,0.824,1
0.739,0.915,0.762,0.82,0.856,1
0.767,0.798,0.794,0.826,0.678,1
0.75,0.829,0.828,0.798,0.828,1
0.775,0.7,0.724,0.867,0.756,1
0.725,0.842,0.747,0.742,0.815,1
0.754,0.857,0.801,0.827,0.747,1
0.811,0.844,0.756,0.731,0.739,1
0.798,0.922,0.698,0.748,0.755,1
0.688,0.849,0.817,0.748,0.788,1
0.738,0.719,0.78,0.843,0.812,1
0.741,0.839,0.815,0.745,0.883,1
0.72,0.859,0.765,0.805,0.843,1
0.754,0.77,0.777,0.869,0.835,1
0.809,0.832,0.778,0.794,0.861,1
0.919,0.831,0.752,0.816,0.686,1
0.854,0.813,0.762,0.825,0.742,1
0.749,0.829,0.885,0.774,0.773,1
0.767,0.787,0.79,0.835,0.798,1
0.778,0.765,0.827,0.824,0.864,1
0.796,0.77,0.855,0.823,0.872,1
0.863,0.835,0.81,0.797,0.857,1
0.861,0.796,0.873,0.776,0.754,1
0.828,0.781,0.812,0.819,0.839,1
0.782,0.739,0.783,0.93,0.86,1
0.868,0.73,0.837,0.801,0.816,1
0.713,0.922,0.756,0.841,0.836,1
0.862,0.859,0.81,0.745,0.853,1
0.852,0.796,0.821,0.811,0.755,1
0.775,0.821,0.876,0.773,0.859,1
0.763,0.884,0.784,0.83,0.799,1
0.767,0.851,0.788,0.769,0.884,1
0.795,0.773,0.837,0.735,0.854,1
0.848,0.836,0.813,0.768,0.826,1
0.866,0.812,0.718,0.944,0.864,1
0.811,0.872,0.85,0.77,0.806,1
0.751,0.779,0.774,0.853,0.814,1
0.847,0.801,0.916,0.791,0.769,1
0.758,0.869,0.687,0.814,0.784,1
0.837,0.744,0.777,0.791,0.838,1
0.844,0.88,0.798,0.762,0.859,1
0.893,0.819,0.782,0.839,0.818,1
0.763,0.811,0.787,0.76,0.923,1
0.825,0.829,0.779,0.82,0.772,1
0.844,0.855,0.828,0.838,0.82,1
0.797,0.81,0.844,0.795,0.776,1
0.702,0.862,0.772,0.828,0.762,1
0.832,0.822,0.747,0.891,0.814,1
0.831,0.811,0.766,0.784,0.895,1
0.741,0.781,0.858,0.729,0.737,1
0.78,0.785,0.761,0.76,0.786,1
0.866,0.749,0.908,0.828,0.736,1
0.835,0.798,0.816,0.911,0.851,1
0.78,0.787,0.744,0.808,0.76,1
0.848,0.794,0.867,0.718,0.767,1
0.826,0.815,0.761,0.748,0.847,1
0.748,0.835,0.804,0.792,0.771,1
0.896,0.774,0.649,0.791,0.861,1
0.802,0.787,0.888,0.805,0.768,1
0.783,0.795,0.818,0.872,0.822,1
0.857,0.772,0.842,0.707,0.741,1
0.791,0.837,0.816,0.78,0.737,1
0.835,0.662,0.802,0.773,0.818,1
0.8,0.826,0.829,0.866,0.854,1
0.851,0.81,0.811,0.883,0.799,1
0.791,0.725,0.824,0.826,0.863,1
0.784,0.754,0.735,0.804,0.793,1
0.827,0.821,0.849,0.863,0.822,1
0.702,0.777,0.846,0.759,0.736,1
0.769,0.812,0.778,0.774,0.739,1
0.881,0.846,0.743,0.678,0.808,1
0.765,0.815,0.773,0.812,0.819,1
0.707,0.799,0.739,0.807,0.823,1
0.791,0.84,0.838,0.877,0.716,1
0.814,0.85,0.822,0.788,0.834,1
0.83,0.895,0.869,0.691,0.793,1
0.857,0.775,0.81,0.814,0.729,1
0.69,0.897,0.732,0.777,0.824,1
0.831,0.774,0.828,0.881,0.858,1
0.757,0.796,0.785,0.81,0.823,1
0.794,0.831,0.777,0.805,0.926,1
0.889,0.759,0.699,0.749,0.862,1
0.767,0.804,0.799,0.843,0.789,1
0.776,0.741,0.798,0.799,0.808,1
0.822,0.771,0.88,0.799,0.89,1
0.74,0.764,0.739,0.689,0.757,1
0.781,0.749,0.848,0.834,0.772,1
0.829,0.763,0.803,0.738,0.747,1
0.802,0.729,0.771,0.885,0.864,1
0.812,0.9,0.814,0.85,0.819,1
0.8,0.743,0.676,0.775,0.81,1
0.797,0.765,0.832,0.822,0.845,1
0.775,0.872,0.796,0.881,0.733,1
0.894,0.863,0.783,0.786,0.8,1
0.868,0.797,0.682,0.803,0.857,1
0.795,0.83,0.804,0.719,0.852,1
0.774,0.889,0.796,0.817,0.785,1
0.764,0.799,0.799,0.8,0.761,1
0.69,0.801,0.736,0.842,0.87,1
0.865,0.792,0.784,0.772,0.816,1
0.767,0.83,0.809,0.815,0.771,1
0.795,0.817,0.734,0.822,0.879,1
0.816,0.792,0.753,0.804,0.715,1
0.827,0.754,0.764,0.712,0.826,1
0.841,0.806,0.812,0.844,0.886,1
0.782,0.81,0.811,0.816,0.754,1
0.827,0.791,0.771,0.782,0.723,1
0.846,0.759,0.854,0.761,0.864,1
0.784,0.774,0.848,0.832,0.741,1
0.781,0.771,0.771,0.81,0.828,1
0.754,0.773,0.863,0.88,0.76,1
0.817,0.772,0.776,0.883,0.779,1
0.805,0.722,0.756,0.812,0.812,1
0.795,0.738,0.84,0.75,0.743,1
0.845,0.778,0.71,0.83,0.81,1
0.864,0.737,0.801,0.816,0.839,1
0.751,0.856,0.828,0.853,0.831,1
0.832,0.822,0.711,0.772,0.856,1
0.816,0.814,0.777,0.819,0.725,1
0.824,0.815,0.751,0.819,0.786,1
0.785,0.804,0.745,0.734,0.657,1
0.793,0.811,0.812,0.801,0.794,1
0.79,0.805,0.788,0.763,0.876,1
0.824,0.738,0.828,0.816,0.822,1
0.793,0.813,0.739,0.739,0.864,1
0.799,0.732,0.771,0.654,0.771,1
0.869,0.816,0.743,0.79,0.84,1
0.834,0.853,0.844,0.86,0.76,1
0.79,0.715,0.788,0.855,0.876,1
0.783,0.868,0.847,0.813,0.852,1
0.813,0.867,0.811,0.839,0.801,1
0.801,0.846,0.774,0.84,0.739,1
0.794,0.747,0.836,0.803,0.828,1
0.796,0.836,0.768,0.866,0.738,1
0.869,0.811,0.753,0.876,0.821,1
0.788,0.788,0.813,0.85,0.839,1
0.75,0.735,0.741,0.87,0.807,1
0.723,0.711,0.828,0.785,0.836,1
0.816,0.824,0.807,0.726,0.86,1
0.845,0.845,0.795,0.799,0.773,1
0.773,0.819,0.776,0.856,0.781,1
0.855,0.775,0.739,0.859,0.782,1
0.797,0.797,0.829,0.871,0.831,1
0.769,0.772,0.831,0.857,0.761,1
0.729,0.775,0.816,0.802,0.852,1
0.79,0.753,0.79,0.739,0.81,1
0.842,0.804,0.78,0.865,0.734,1
0.763,0.937,0.764,0.83,0.8,1
0.716,0.81,0.789,0.77,0.821,1
0.78,0.759,0.783,0.762,0.906,1
0.772,0.821,0.803,0.763,0.836,1
0.792,0.841,0.718,0.758,0.688,1
0.796,0.811,0.72,0.757,0.847,1
0.769,0.8,0.845,0.795,0.855,1
0.79,0.809,0.784,0.795,0.787,1
0.793,0.784,0.822,0.771,0.83,1
0.783,0.804,0.753,0.818,0.766,1
0.769,0.872,0.772,0.822,0.815,1
0.818,0.856,0.838,0.721,0.787,1
0.815,0.739,0.774,0.779,0.741,1
0.761,0.811,0.833,0.763,0.825,1
0.816,0.902,0.849,0.737,0.908,1
0.77,0.755,0.762,0.802,0.756,1
0.757,0.836,0.749,0.8,0.706,1
0.768,0.806,0.795,0.837,0.885,1
0.812,0.8,0.868,0.854,0.82,1
0.817,0.707,0.735,0.802,0.849,1
0.723,0.814,0.796,0.841,0.825,1
0.797,0.792,0.749,0.87,0.801,1
0.811,0.847,0.807,0.774,0.84,1
0.815,0.823,0.811,0.715,0.786,1
0.786,0.861,0.808,0.85,0.706,1
0.814,0.728,0.757,0.774,0.817,1
0.78,0.683,0.753,0.763,0.849,1
0.824,0.773,0.845,0.897,0.864,1
0.767,0.707,0.783,0.858,0.731,1
0.846,0.834,0.738,0.808,0.755,1
0.75,0.802,0.719,0.835,0.874,1
0.822,0.82,0.818,0.802,0.791,1
0.832,0.809,0.86,0.796,0.814,1
0.848,0.816,0.786,0.808,0.791,1
0.831,0.845,0.765,0.875,0.825,1
0.818,0.821,0.905,0.743,0.873,1
0.768,0.798,0.748,0.775,0.83,1
0.757,0.7,0.759,0.696,0.701,1
0.82,0.764,0.824,0.794,0.779,1
0.86,0.839,0.66,0.809,0.755,1
0.808,0.899,0.87,0.757,0.75,1
0.791,0.817,0.87,0.781,0.783,1
0.838,0.829,0.797,0.791,0.826,1
0.747,0.866,0.797,0.838,0.816,1
0.696,0.748,0.788,0.746,0.797,1
0.891,0.745,0.839,0.693,0.747,1
0.739,0.833,0.836,0.706,0.748,1
0.722,0.747,0.734,0.798,0.725,1
0.807,0.702,0.851,0.832,0.854,1
0.869,0.737,0.766,0.774,0.788,1
0.762,0.783,0.815,0.697,0.72,1
0.763,0.877,0.703,0.819,0.785,1
0.848,0.723,0.815,0.886,0.809,1
0.748,0.683,0.75,0.866,0.824,1
0.863,0.809,0.84,0.859,0.75,1
0.814,0.856,0.755,0.816,0.831,1
0.65,0.739,0.809,0.868,0.766,2
0.865,0.86,0.76,0.848,0.764,2
0.764,0.746,0.891,0.81,0.799,2
0.803,0.77,0.841,0.726,0.678,2
0.852,0.762,0.788,0.804,0.828,2
0.716,0.728,0.846,0.771,0.791,2
0.786,0.779,0.736,0.778,0.759,2
0.856,0.829,0.782,0.714,0.763,2
0.874,0.852,0.861,0.74,0.813,2
0.757,0.738,0.894,0.867,0.863,2
0.806,0.747,0.836,0.851,0.811,2
0.7,0.782,0.903,0.854,0.722,2
0.839,0.868,0.871,0.797,0.729,2
0.79,0.838,0.769,0.821,0.796,2
0.845,0.789,0.802,0.815,0.82,2
0.86,0.837,0.712,0.915,0.815,2
0.783,0.807,0.783,0.779,0.782,2
0.781,0.794,0.778,0.769,0.812,2
0.772,0.771,0.748,0.768,0.771,2
0.809,0.79,0.759,0.793,0.803,2
0.74,0.796,0.788,0.823,0.782,2
0.74,0.826,0.833,0.842,0.737,2
0.756,0.767,0.773,0.786,0.849,2
0.735,0.845,0.693,0.919,0.727,2
0.686,0.746,0.872,0.828,0.909,2
0.809,0.775,0.758,0.825,0.786,2
0.771,0.798,0.87,0.878,0.72,2
0.882,0.825,0.898,0.746,0.825,2
0.842,0.767,0.838,0.952,0.855,2
0.75,0.818,0.805,0.766,0.815,2
0.709,0.835,0.834,0.785,0.729,2
0.803,0.839,0.784,0.811,0.841,2
0.839,0.751,0.767,0.853,0.786,2
0.76,0.776,0.783,0.818,0.759,2
0.879,0.814,0.753,0.807,0.842,2
0.807,0.75,0.704,0.74,0.826,2
0.887,0.742,0.786,0.73,0.679,2
0.78,0.873,0.832,0.723,0.71,2
0.841,0.747,0.799,0.768,0.81,2
0.845,0.819,0.783,0.71,0.765,2
0.707,0.792,0.759,0.765,0.704,2
0.83,0.832,0.744,0.857,0.72,2
0.821,0.855,0.782,0.798,0.798,2
0.87,0.798,0.784,0.802,0.722,2
0.777,0.735,0.719,0.641,0.712,2
0.809,0.69,0.854,0.791,0.837,2
0.791,0.759,0.799,0.74,0.849,2
0.787,0.869,0.834,0.816,0.85,2
0.772,0.812,0.861,0.782,0.781,2
0.778,0.709,0.914,0.856,0.756,2
0.761,0.801,0.85,0.817,0.803,2
0.777,0.744,0.766,0.74,0.818,2
0.773,0.776,0.712,0.738,0.778,2
0.837,0.752,0.758,0.775,0.781,2
0.841,0.872,0.827,0.794,0.85,2
0.798,0.774,0.71,0.652,0.748,2
0.721,0.739,0.742,0.781,0.854,2
0.858,0.74,0.852,0.713,0.778,2
0.758,0.75,0.723,0.801,0.695,2
0.806,0.848,0.742,0.738,0.799,2
0.828,0.878,0.741,0.811,0.81,2
0.862,0.775,0.772,0.752,0.755,2
0.806,0.655,0.846,0.809,0.839,2
0.771,0.733,0.771,0.822,0.838,2
0.832,0.751,0.775,0.752,0.803,2
0.743,0.729,0.753,0.78,0.692,2
0.706,0.765,0.852,0.78,0.744,2
0.699,0.728,0.837,0.835,0.73,2
0.836,0.718,0.717,0.831,0.752,2
0.827,0.852,0.797,0.832,0.873,2
0.816,0.853,0.803,0.747,0.804,2
0.834,0.73,0.791,0.838,0.851,2
0.754,0.758,0.781,0.901,0.745,2
0.703,0.829,0.706,0.795,0.747,2
0.836,0.755,0.831,0.74,0.818,2
0.808,0.772,0.853,0.805,0.761,2
0.783,0.697,0.806,0.764,0.824,2
0.76,0.807,0.771,0.81,0.765,2
0.761,0.733,0.717,0.729,0.856,2
0.836,0.798,0.768,0.765,0.73,2
0.847,0.788,0.652,0.761,0.837,2
0.756,0.819,0.78,0.7,0.781,2
0.792,0.744,0.8,0.841,0.83,2
0.826,0.71,0.77,0.797,0.764,2
0.718,0.782,0.833,0.792,0.756,2
0.711,0.773,0.788,0.793,0.745,2
0.759,0.816,0.732,0.787,0.763,2
0.795,0.768,0.727,0.844,0.713,2
0.678,0.788,0.737,0.768,0.686,2
0.817,0.895,0.809,0.764,0.87,2
0.75,0.705,0.868,0.851,0.777,2
0.76,0.739,0.817,0.682,0.692,2
0.821,0.819,0.755,0.775,0.769,2
0.746,0.733,0.778,0.838,0.842,2
0.675,0.755,0.755,0.796,0.801,2
0.805,0.805,0.687,0.756,0.779,2
0.732,0.848,0.683,0.768,0.72,2
0.788,0.762,0.8,0.726,0.773,2
0.728,0.841,0.74,0.716,0.735,2
0.827,0.857,0.751,0.738,0.842,2
0.746,0.75,0.857,0.861,0.881,2
0.7,0.79,0.721,0.756,0.793,2
0.831,0.686,0.856,0.793,0.744,2
0.795,0.747,0.74,0.795,0.762,2
0.843,0.697,0.811,0.689,0.782,2
0.755,0.814,0.77,0.802,0.776,2
0.725,0.721,0.778,0.789,0.736,2
0.86,0.719,0.76,0.628,0.684,2
0.709,0.771,0.858,0.644,0.777,2
0.821,0.732,0.726,0.835,0.745,2
0.77,0.772,0.727,0.812,0.765,2
0.736,0.743,0.792,0.826,0.751,2
0.777,0.737,0.678,0.742,0.764,2
0.734,0.797,0.779,0.826,0.841,2
0.808,0.768,0.806,0.793,0.787,2
0.767,0.767,0.804,0.808,0.833,2
0.754,0.768,0.794,0.814,0.744,2
0.762,0.68,0.789,0.811,0.731,2
0.729,0.839,0.719,0.818,0.716,2
0.769,0.842,0.674,0.733,0.826,2
0.678,0.758,0.737,0.716,0.815,2
0.726,0.757,0.714,0.734,0.754,2
0.74,0.773,0.746,0.767,0.751,2
0.732,0.782,0.685,0.828,0.73,2
0.885,0.737,0.802,0.743,0.793,2
0.82,0.699,0.734,0.757,0.659,2
0.84,0.74,0.785,0.693,0.701,2
0.725,0.767,0.825,0.764,0.792,2
0.717,0.698,0.764,0.827,0.788,2
0.741,0.721,0.747,0.711,0.79,2
0.711,0.697,0.787,0.737,0.776,2
0.722,0.821,0.737,0.758,0.799,2
0.793,0.68,0.699,0.709,0.783,2
0.809,0.805,0.672,0.73,0.772,2
0.769,0.777,0.795,0.773,0.806,2
0.727,0.702,0.75,0.804,0.797,2
0.794,0.732,0.703,0.729,0.791,2
0.74,0.813,0.833,0.759,0.736,2
0.772,0.71,0.784,0.662,0.729,2
0.749,0.787,0.732,0.694,0.735,2
0.855,0.72,0.699,0.751,0.716,2
0.738,0.778,0.837,0.744,0.711,2
0.726,0.755,0.725,0.719,0.846,2
0.793,0.758,0.584,0.761,0.724,2
0.749,0.799,0.82,0.723,0.796,2
0.666,0.735,0.746,0.843,0.795,2
0.774,0.786,0.741,0.65,0.763,2
0.748,0.795,0.809,0.771,0.676,2
0.716,0.732,0.798,0.762,0.683,2
0.765,0.752,0.723,0.73,0.734,2
0.807,0.757,0.721,0.761,0.737,2
0.742,0.782,0.749,0.782,0.763,2
0.774,0.782,0.811,0.806,0.737,2
0.701,0.682,0.769,0.819,0.777,2
0.753,0.732,0.792,0.787,0.775,2
0.776,0.811,0.809,0.678,0.78,2
0.693,0.656,0.76,0.637,0.776,2
0.819,0.751,0.739,0.705,0.73,2
0.72,0.805,0.723,0.706,0.818,2
0.689,0.756,0.729,0.756,0.712,2
0.785,0.776,0.771,0.679,0.733,2
0.732,0.748,0.757,0.68,0.63,2
0.776,0.785,0.817,0.821,0.686,2
0.709,0.663,0.848,0.734,0.657,2
0.826,0.784,0.7,0.676,0.767,2
0.823,0.729,0.736,0.731,0.695,2
0.773,0.753,0.775,0.745,0.742,2
0.802,0.722,0.784,0.721,0.782,2
0.78,0.734,0.867,0.77,0.816,2
0.693,0.899,0.774,0.797,0.727,2
0.73,0.772,0.756,0.807,0.812,2
0.774,0.822,0.779,0.8,0.737,2
0.755,0.74,0.752,0.774,0.734,2
0.819,0.785,0.721,0.741,0.848,2
0.783,0.681,0.726,0.72,0.738,2
0.708,0.748,0.773,0.666,0.675,2
0.699,0.78,0.809,0.711,0.676,2
0.825,0.74,0.764,0.677,0.773,2
0.795,0.746,0.719,0.761,0.748,2
0.803,0.821,0.805,0.746,0.8,2
0.795,0.787,0.757,0.657,0.732,2
0.744,0.854,0.764,0.762,0.684,2
0.786,0.775,0.747,0.724,0.777,2
0.796,0.687,0.729,0.774,0.676,2
0.718,0.754,0.823,0.76,0.822,2
0.732,0.712,0.752,0.797,0.759,2
0.745,0.8,0.747,0.764,0.841,2
0.774,0.704,0.791,0.737,0.786,2
0.753,0.714,0.74,0.733,0.715,2
0.731,0.683,0.731,0.711,0.785,2
0.708,0.759,0.768,0.748,0.776,2
0.744,0.694,0.654,0.758,0.791,2
0.792,0.642,0.707,0.757,0.696,2
0.761,0.751,0.724,0.69,0.711,2
0.779,0.674,0.729,0.744,0.792,2
0.735,0.703,0.761,0.709,0.8,2
0.744,0.652,0.804,0.762,0.728,2
0.719,0.741,0.751,0.704,0.686,2
0.626,0.708,0.813,0.773,0.745,2
0.642,0.713,0.711,0.778,0.741,2
0.758,0.74,0.743,0.726,0.695,2
0.702,0.755,0.7,0.784,0.658,2
0.785,0.718,0.621,0.646,0.693,2
0.684,0.76,0.802,0.703,0.655,2
0.692,0.782,0.725,0.788,0.722,2
0.754,0.747,0.779,0.793,0.756,2
0.735,0.774,0.758,0.777,0.772,2
0.812,0.811,0.723,0.683,0.701,2
0.878,0.651,0.729,0.74,0.711,2
0.631,0.764,0.783,0.811,0.732,2
0.792,0.746,0.645,0.728,0.707,2
0.729,0.751,0.746,0.777,0.799,2
0.825,0.752,0.721,0.72,0.843,2
0.687,0.82,0.705,0.743,0.812,2
0.736,0.671,0.65,0.677,0.746,2
0.682,0.75,0.755,0.862,0.716,2
0.728,0.674,0.644,0.643,0.789,2
0.709,0.774,0.645,0.848,0.714,2
0.768,0.708,0.789,0.799,0.636,2
0.765,0.697,0.781,0.793,0.706,2
0.679,0.756,0.727,0.737,0.777,2
0.814,0.733,0.749,0.678,0.743,2
0.813,0.787,0.76,0.692,0.791,2
0.767,0.794,0.772,0.758,0.748,2
0.791,0.685,0.658,0.685,0.69,2
0.702,0.756,0.716,0.725,0.683,2
0.802,0.706,0.775,0.672,0.746,2
0.736,0.684,0.794,0.727,0.82,2
0.745,0.681,0.722,0.743,0.789,2
0.689,0.749,0.768,0.791,0.684,2
0.689,0.715,0.714,0.748,0.791,2
0.703,0.777,0.674,0.711,0.706,2
0.664,0.65,0.8,0.696,0.716,2
0.797,0.702,0.755,0.724,0.799,2
0.784,0.739,0.723,0.747,0.794,2
0.734,0.752,0.746,0.776,0.724,2
0.735,0.636,0.677,0.764,0.771,2
0.771,0.65,0.689,0.74,0.79,2
0.671,0.717,0.651,0.661,0.754,2
0.758,0.577,0.748,0.729,0.674,2
0.681,0.704,0.715,0.715,0.717,2
0.761,0.76,0.669,0.731,0.647,2
0.675,0.793,0.653,0.674,0.829,2
0.726,0.722,0.704,0.745,0.805,2
0.763,0.699,0.742,0.725,0.725,2
0.79,0.764,0.752,0.732,0.717,2
0.781,0.82,0.719,0.768,0.742,2
0.746,0.762,0.751,0.758,0.732,2
0.723,0.737,0.679,0.705,0.803,2
0.758,0.616,0.736,0.724,0.639,2
0.752,0.753,0.644,0.705,0.682,2
0.679,0.803,0.703,0.762,0.683,2
0.703,0.717,0.759,0.743,0.562,2
0.707,0.746,0.631,0.644,0.646,2
0.639,0.637,0.657,0.704,0.636,2
0.702,0.724,0.859,0.668,0.766,2
0.616,0.765,0.691,0.753,0.74,2
0.709,0.702,0.756,0.694,0.791,2
0.776,0.767,0.71,0.648,0.794,2
0.75,0.675,0.729,0.706,0.676,2
0.706,0.678,0.74,0.731,0.715,2
0.705,0.752,0.668,0.734,0.632,2
0.733,0.763,0.655,0.763,0.764,2
0.764,0.718,0.769,0.775,0.741,2
0.785,0.741,0.696,0.686,0.761,2
0.767,0.693,0.705,0.707,0.767,2
0.649,0.791,0.738,0.64,0.67,2
0.701,0.704,0.72,0.729,0.682,2
0.808,0.728,0.7,0.768,0.664,2
0.783,0.663,0.808,0.641,0.682,2
0.703,0.76,0.735,0.805,0.723,2
0.707,0.786,0.791,0.658,0.784,2
0.781,0.657,0.738,0.693,0.651,2
0.756,0.765,0.735,0.684,0.777,2
0.72,0.734,0.692,0.647,0.735,2
0.745,0.736,0.755,0.805,0.697,2
0.624,0.762,0.698,0.664,0.648,2
0.766,0.679,0.684,0.742,0.736,2
0.711,0.694,0.623,0.813,0.591,2
0.714,0.657,0.704,0.703,0.728,2
0.725,0.577,0.772,0.721,0.666,2
0.711,0.678,0.566,0.786,0.789,2
0.747,0.775,0.766,0.696,0.717,2
0.707,0.733,0.664,0.766,0.713,2
0.712,0.745,0.722,0.696,0.701,2
0.603,0.772,0.735,0.726,0.798,2
0.679,0.719,0.676,0.769,0.651,2
0.769,0.775,0.733,0.784,0.702,2
0.687,0.742,0.671,0.71,0.759,2
0.758,0.714,0.654,0.748,0.681,2
0.715,0.591,0.785,0.735,0.674,2
0.731,0.664,0.766,0.698,0.737,2
0.746,0.81,0.804,0.79,0.757,2
0.777,0.631,0.74,0.651,0.658,2
0.787,0.701,0.645,0.649,0.758,2
0.739,0.724,0.627,0.713,0.753,2
0.659,0.647,0.699,0.712,0.754,2
0.664,0.689,0.732,0.762,0.736,2
0.694,0.639,0.8,0.747,0.672,2
0.68,0.711,0.725,0.676,0.773,2
0.777,0.724,0.72,0.675,0.699,2
0.652,0.753,0.765,0.722,0.806,2
0.715,0.704,0.772,0.632,0.729,2
0.629,0.63,0.702,0.664,0.743,2
0.684,0.814,0.734,0.67,0.727,2
0.742,0.817,0.646,0.705,0.761,2
0.724,0.678,0.662,0.698,0.77,2
0.735,0.724,0.784,0.7,0.705,2
0.675,0.63,0.731,0.637,0.711,2
0.774,0.741,0.751,0.634,0.706,2
0.764,0.649,0.729,0.646,0.648,2
0.737,0.678,0.704,0.765,0.657,2
0.853,0.765,0.68,0.767,0.745,2
0.748,0.698,0.76,0.738,0.743,2
0.727,0.711,0.697,0.639,0.705,2
0.657,0.705,0.745,0.783,0.652,2
0.665,0.651,0.724,0.736,0.684,2
0.695,0.849,0.683,0.673,0.655,2
0.633,0.762,0.765,0.682,0.765,2
0.698,0.688,0.703,0.604,0.651,2
0.717,0.726,0.708,0.696,0.717,2
0.808,0.78,0.712,0.663,0.739,2
0.786,0.776,0.633,0.7,0.673,2
0.647,0.721,0.649,0.697,0.708,2
0.739,0.724,0.641,0.767,0.676,2
0.811,0.708,0.766,0.768,0.671,2
0.689,0.686,0.687,0.701,0.65,2
0.708,0.703,0.603,0.681,0.676,2
0.665,0.795,0.621,0.652,0.705,2
0.688,0.729,0.783,0.796,0.711,2
0.675,0.719,0.638,0.768,0.817,2
0.658,0.655,0.672,0.71,0.705,2
0.68,0.651,0.774,0.688,0.681,2
0.71,0.772,0.706,0.737,0.679,2
0.718,0.711,0.785,0.567,0.706,2
0.74,0.722,0.641,0.755,0.74,2
0.758,0.668,0.707,0.643,0.691,2
0.698,0.711,0.615,0.642,0.726,2
0.691,0.725,0.635,0.685,0.677,2
0.678,0.63,0.644,0.637,0.687,2
0.641,0.676,0.681,0.679,0.624,2
0.684,0.642,0.63,0.709,0.703,2
0.715,0.647,0.635,0.77,0.601,2
0.652,0.764,0.707,0.781,0.783,2
0.766,0.773,0.701,0.65,0.738,2
0.639,0.613,0.652,0.7,0.704,2
0.759,0.687,0.816,0.701,0.735,2
0.667,0.708,0.711,0.652,0.707,2
0.646,0.811,0.642,0.709,0.675,2
0.624,0.722,0.727,0.625,0.643,2
0.756,0.738,0.727,0.64,0.682,2
0.762,0.595,0.63,0.666,0.707,2
0.77,0.787,0.661,0.752,0.608,2
0.723,0.776,0.619,0.687,0.775,2
0.691,0.72,0.714,0.652,0.678,2
0.749,0.716,0.656,0.698,0.668,2
0.709,0.67,0.72,0.654,0.731,2
0.624,0.774,0.702,0.739,0.712,2
0.788,0.644,0.589,0.758,0.659,2
0.701,0.756,0.765,0.662,0.698,2
0.725,0.747,0.654,0.762,0.693,2
0.687,0.743,0.724,0.778,0.661,2
0.723,0.761,0.684,0.655,0.726,2
0.73,0.602,0.766,0.77,0.65,2
0.651,0.732,0.734,0.708,0.619,2
0.661,0.711,0.684,0.569,0.629,2
0.616,0.629,0.708,0.674,0.699,2
0.67,0.698,0.709,0.75,0.633,2
0.703,0.781,0.694,0.674,0.659,2
0.675,0.708,0.693,0.65,0.708,2
0.814,0.701,0.686,0.767,0.71,2
0.687,0.601,0.686,0.647,0.672,2
0.664,0.776,0.729,0.738,0.623,2
0.701,0.598,0.644,0.665,0.702,2
0.682,0.813,0.693,0.636,0.674,2
0.562,0.704,0.63,0.723,0.731,2
0.718,0.601,0.781,0.741,0.684,2
0.668,0.686,0.702,0.649,0.738,2
0.659,0.664,0.71,0.738,0.648,2
0.814,0.703,0.607,0.63,0.709,2
0.713,0.661,0.706,0.665,0.636,2
0.676,0.677,0.748,0.737,0.699,2
0.707,0.745,0.853,0.675,0.775,2
0.612,0.622,0.684,0.728,0.676,2
0.7,0.796,0.706,0.617,0.715,2
0.643,0.695,0.696,0.657,0.731,2
0.646,0.698,0.729,0.699,0.65,2
0.652,0.651,0.722,0.693,0.714,2
0.714,0.624,0.64,0.672,0.686,2
0.66,0.606,0.687,0.674,0.61,2
0.598,0.621,0.7,0.695,0.753,2
0.734,0.704,0.675,0.692,0.682,2
0.663,0.719,0.753,0.656,0.756,2
0.708,0.687,0.692,0.672,0.635,2
0.691,0.774,0.752,0.65,0.709,2
0.697,0.702,0.682,0.717,0.722,2
0.647,0.763,0.588,0.64,0.708,2
0.692,0.601,0.726,0.699,0.671,2
0.707,0.703,0.675,0.649,0.775,2
0.59,0.637,0.617,0.676,0.751,2
0.671,0.671,0.655,0.802,0.595,2
0.684,0.652,0.587,0.618,0.694,2
0.751,0.646,0.639,0.654,0.715,2
0.685,0.679,0.661,0.729,0.682,2
0.746,0.66,0.763,0.663,0.755,2
0.684,0.675,0.677,0.61,0.775,2
0.716,0.642,0.601,0.675,0.679,2
0.66,0.61,0.659,0.783,0.611,2
0.723,0.675,0.599,0.608,0.723,2
0.666,0.68,0.64,0.632,0.723,2
0.706,0.715,0.693,0.685,0.74,2
0.662,0.613,0.643,0.634,0.708,2
0.756,0.628,0.735,0.699,0.665,2
0.62,0.75,0.697,0.679,0.733,2
0.668,0.751,0.65,0.553,0.642,2
0.62,0.66,0.739,0.723,0.664,2
0.676,0.679,0.627,0.678,0.692,2
0.651,0.658,0.706,0.612,0.605,2
0.706,0.69,0.647,0.701,0.7,2
0.655,0.723,0.713,0.681,0.691,2
0.721,0.786,0.666,0.647,0.684,2
0.632,0.685,0.659,0.673,0.661,2
0.776,0.7,0.607,0.709,0.67,2
0.677,0.679,0.611,0.724,0.642,2
0.674,0.701,0.69,0.66,0.645,2
0.695,0.748,0.759,0.658,0.746,2
0.782,0.642,0.592,0.695,0.736,2
0.67,0.726,0.666,0.734,0.594,2
0.729,0.707,0.628,0.642,0.679,2
0.685,0.707,0.661,0.622,0.58,2
0.701,0.572,0.701,0.708,0.651,2
0.668,0.617,0.684,0.737,0.681,2
0.725,0.671,0.709,0.695,0.712,2
0.737,0.64,0.66,0.556,0.723,2
0.742,0.722,0.665,0.64,0.604,2
0.757,0.683,0.61,0.737,0.627,2
0.644,0.61,0.59,0.704,0.635,2
0.668,0.625,0.715,0.727,0.702,2
0.637,0.745,0.648,0.616,0.662,2
0.647,0.654,0.663,0.817,0.717,2
0.648,0.699,0.579,0.648,0.64,2
0.647,0.621,0.653,0.723,0.647,2
0.574,0.615,0.681,0.629,0.709,2
0.657,0.688,0.674,0.637,0.664,2
0.668,0.637,0.726,0.688,0.62,2
0.625,0.599,0.599,0.676,0.74,2
0.688,0.698,0.656,0.723,0.66,2
0.7,0.722,0.727,0.642,0.662,2
0.557,0.724,0.622,0.718,0.668,2
0.672,0.714,0.715,0.679,0.666,2
0.669,0.681,0.736,0.635,0.67,2
0.691,0.653,0.607,0.68,0.644,2
0.691,0.638,0.661,0.65,0.669,2
0.638,0.702,0.689,0.701,0.675,2
0.689,0.735,0.685,0.623,0.673,2
0.629,0.69,0.615,0.597,0.749,2
0.714,0.698,0.676,0.677,0.693,2
0.667,0.621,0.633,0.719,0.612,2
0.66,0.606,0.613,0.71,0.681,2
0.64,0.662,0.601,0.726,0.722,2
0.654,0.758,0.657,0.569,0.707,2
0.682,0.696,0.717,0.672,0.63,2
0.704,0.701,0.614,0.661,0.617,2
0.644,0.713,0.58,0.708,0.631,2
0.663,0.556,0.603,0.713,0.68,2
0.652,0.611,0.657,0.633,0.693,2
0.641,0.743,0.658,0.733,0.611,2
0.679,0.735,0.65,0.634,0.64,2
0.668,0.711,0.732,0.663,0.62,2
0.698,0.68,0.681,0.728,0.737,2
0.69,0.687,0.68,0.687,0.636,2
0.673,0.68,0.618,0.615,0.595,2
0.655,0.687,0.616,0.57,0.577,2
0.564,0.601,0.646,0.78,0.648,2
0.597,0.602,0.683,0.646,0.66,2
0.701,0.667,0.639,0.596,0.613,2
0.654,0.691,0.638,0.689,0.744,2
0.754,0.778,0.649,0.689,0.652,2
0.645,0.669,0.622,0.65,0.654,2
0.69,0.693,0.573,0.657,0.677,2
0.705,0.572,0.606,0.647,0.6,2
0.712,0.617,0.697,0.64,0.545,2
0.619,0.64,0.629,0.703,0.565,2
0.6,0.667,0.617,0.67,0.548,2
0.575,0.564,0.631,0.683,0.616,2
0.696,0.686,0.615,0.716,0.626,2
0.526,0.652,0.686,0.668,0.65,2
0.674,0.627,0.694,0.547,0.63,2
0.551,0.603,0.757,0.61,0.646,2
0.673,0.607,0.724,0.617,0.628,2
0.714,0.629,0.576,0.711,0.694,2
0.742,0.656,0.708,0.68,0.649,2
0.599,0.711,0.692,0.649,0.565,2
0.729,0.613,0.822,0.722,0.631,2
0.619,0.633,0.747,0.58,0.669,2
0.613,0.634,0.691,0.648,0.635,2
0.619,0.637,0.656,0.616,0.724,2
0.633,0.712,0.658,0.641,0.627,2
0.737,0.616,0.675,0.637,0.685,2
0.683,0.629,0.644,0.687,0.634,2
0.676,0.689,0.69,0.642,0.692,2
0.617,0.724,0.6,0.644,0.746,2
0.605,0.588,0.705,0.667,0.631,2
0.626,0.594,0.575,0.71,0.659,2
0.678,0.551,0.664,0.617,0.597,2
0.667,0.604,0.625,0.634,0.677,2
0.624,0.653,0.709,0.61,0.729,2
0.672,0.62,0.56,0.693,0.541,2
0.753,0.692,0.599,0.701,0.639,2
0.634,0.676,0.652,0.667,0.623,2
0.677,0.678,0.616,0.714,0.671,2
0.638,0.688,0.654,0.722,0.631,2
0.726,0.725,0.651,0.585,0.632,2
0.631,0.755,0.642,0.657,0.678,2
0.612,0.613,0.695,0.717,0.682,2
0.717,0.62,0.626,0.631,0.548,2
0.655,0.6,0.62,0.517,0.582,2
0.73,0.626,0.616,0.648,0.675,2
0.59,0.578,0.572,0.672,0.667,2
0.701,0.642,0.643,0.607,0.687,2
0.607,0.545,0.687,0.568,0.649,2
0.679,0.59,0.67,0.699,0.634,2
0.657,0.652,0.658,0.641,0.67,2
0.706,0.649,0.618,0.614,0.642,2
0.672,0.604,0.69,0.677,0.656,2
0.662,0.567,0.545,0.678,0.638,2
0.715,0.625,0.621,0.619,0.726,2
0.695,0.594,0.559,0.57,0.673,2
0.634,0.74,0.652,0.586,0.604,2
0.716,0.665,0.666,0.676,0.635,2
0.631,0.614,0.748,0.608,0.57,2
0.637,0.642,0.599,0.687,0.64,2
0.739,0.634,0.568,0.608,0.602,2
0.575,0.66,0.616,0.689,0.627,2
0.573,0.705,0.523,0.533,0.657,2
0.71,0.67,0.618,0.71,0.586,2
0.55,0.651,0.705,0.669,0.6,2
0.631,0.615,0.586,0.668,0.661,2
0.595,0.643,0.715,0.543,0.649,2
0.566,0.635,0.646,0.619,0.609,2
0.6,0.671,0.72,0.669,0.619,2
0.607,0.664,0.588,0.626,0.651,2
0.627,0.55,0.679,0.65,0.556,2
0.6,0.705,0.609,0.601,0.676,2
0.633,0.618,0.534,0.592,0.608,2
0.681,0.752,0.649,0.704,0.68,2
0.607,0.617,0.609,0.693,0.616,2
0.661,0.634,0.636,0.661,0.665,2
0.609,0.647,0.705,0.642,0.623,2
0.617,0.632,0.614,0.593,0.747,2
0.56,0.599,0.525,0.687,0.584,2
0.67,0.604,0.594,0.579,0.61,2
0.641,0.664,0.577,0.638,0.694,2
0.667,0.638,0.608,0.591,0.573,2
0.758,0.656,0.591,0.512,0.578,2
0.621,0.589,0.621,0.697,0.535,2
0.704,0.606,0.696,0.588,0.624,2
0.656,0.705,0.68,0.618,0.661,2
0.704,0.611,0.648,0.563,0.643,2
0.656,0.657,0.639,0.719,0.673,2
0.641,0.575,0.518,0.741,0.581,2
0.61,0.682,0.605,0.631,0.629,2
0.575,0.662,0.597,0.658,0.604,2
0.585,0.578,0.669,0.537,0.569,2
0.647,0.617,0.651,0.586,0.587,2
0.693,0.727,0.651,0.68,0.641,2
0.583,0.692,0.617,0.633,0.621,2
0.494,0.566,0.602,0.682,0.617,2
0.684,0.675,0.614,0.608,0.618,2
0.596,0.65,0.703,0.563,0.585,2
0.649,0.671,0.645,0.654,0.6,2
0.646,0.583,0.769,0.67,0.574,2
0.689,0.593,0.568,0.605,0.603,2
0.671,0.674,0.604,0.589,0.645,2
0.609,0.662,0.72,0.562,0.627,2
0.585,0.627,0.647,0.682,0.586,2
0.536,0.697,0.556,0.583,0.631,2
0.705,0.652,0.596,0.593,0.638,2
0.702,0.557,0.621,0.687,0.594,2
0.561,0.6,0.616,0.669,0.639,2
0.566,0.659,0.51,0.643,0.7,2
0.62,0.542,0.608,0.528,0.612,2
0.621,0.663,0.63,0.629,0.677,2
0.585,0.678,0.681,0.668,0.663,2
0.668,0.637,0.674,0.589,0.65,2
0.691,0.635,0.578,0.559,0.636,2
0.641,0.604,0.625,0.639,0.615,2
0.676,0.585,0.732,0.665,0.679,2
0.539,0.586,0.675,0.687,0.607,2
0.645,0.684,0.677,0.527,0.647,2
0.663,0.577,0.596,0.605,0.562,2
0.588,0.691,0.514,0.573,0.605,2
0.662,0.516,0.53,0.546,0.619,2
0.669,0.611,0.659,0.599,0.666,2
0.652,0.64,0.575,0.609,0.653,2
0.594,0.66,0.707,0.662,0.684,2
0.686,0.696,0.64,0.673,0.642,2
0.668,0.615,0.613,0.627,0.675,2
0.569,0.592,0.589,0.536,0.547,2
0.677,0.627,0.609,0.659,0.476,2
0.574,0.556,0.672,0.581,0.604,2
0.702,0.648,0.612,0.627,0.599,2
0.589,0.57,0.633,0.608,0.606,2
0.777,0.588,0.71,0.653,0.632,2
0.645,0.528,0.647,0.609,0.646,2
0.556,0.609,0.667,0.653,0.694,2
0.608,0.535,0.62,0.585,0.725,2
0.737,0.592,0.592,0.636,0.638,2
0.492,0.707,0.64,0.718,0.622,2
0.652,0.616,0.673,0.687,0.649,2
0.592,0.571,0.505,0.649,0.715,2
0.623,0.653,0.661,0.552,0.564,2
0.574,0.715,0.654,0.63,0.605,2
0.628,0.645,0.605,0.624,0.682,2
0.627,0.524,0.622,0.626,0.601,2
0.726,0.62,0.601,0.562,0.602,2
0.7,0.586,0.648,0.532,0.623,2
0.61,0.586,0.623,0.661,0.691,2
0.587,0.714,0.7,0.648,0.595,2
0.505,0.608,0.718,0.53,0.634,2
0.704,0.681,0.566,0.554,0.597,2
0.649,0.683,0.668,0.533,0.555,2
0.628,0.606,0.574,0.662,0.504,2
0.587,0.656,0.675,0.582,0.58,2
0.625,0.6,0.651,0.669,0.634,2
0.55,0.594,0.567,0.615,0.572,2
0.61,0.672,0.604,0.491,0.542,2
0.618,0.53,0.638,0.64,0.627,2
0.626,0.627,0.67,0.63,0.626,2
0.608,0.565,0.477,0.526,0.582,2
0.61,0.595,0.729,0.542,0.699,2
0.655,0.648,0.567,0.58,0.527,2
0.672,0.583,0.57,0.664,0.583,2
0.584,0.569,0.663,0.6,0.504,2
0.628,0.625,0.659,0.707,0.688,2
0.582,0.61,0.673,0.614,0.619,2
0.627,0.587,0.633,0.629,0.576,2
0.54,0.602,0.711,0.516,0.694,2
0.678,0.564,0.671,0.609,0.654,2
0.737,0.593,0.66,0.616,0.603,2
0.548,0.607,0.542,0.604,0.589,2
0.642,0.638,0.612,0.652,0.555,2
0.565,0.649,0.567,0.663,0.63,2
0.584,0.583,0.554,0.53,0.531,2
0.55,0.649,0.638,0.724,0.571,2
0.581,0.61,0.638,0.656,0.58,2
0.614,0.578,0.588,0.629,0.515,2
0.657,0.594,0.623,0.616,0.581,2
0.569,0.552,0.631,0.593,0.601,2
0.624,0.716,0.548,0.609,0.57,2
0.63,0.641,0.609,0.527,0.561,2
0.636,0.527,0.623,0.634,0.647,2
0.642,0.533,0.541,0.498,0.651,2
0.617,0.584,0.637,0.532,0.598,2
0.582,0.597,0.61,0.627,0.556,2
0.534,0.642,0.614,0.508,0.583,2
0.595,0.575,0.612,0.584,0.616,2
0.585,0.644,0.526,0.574,0.633,2
0.549,0.514,0.588,0.542,0.645,2
0.557,0.452,0.568,0.6,0.609,2
0.604,0.578,0.572,0.658,0.642,2
0.617,0.593,0.627,0.603,0.6,2
0.61,0.571,0.701,0.553,0.53,2
0.602,0.507,0.613,0.515,0.59,2
0.67,0.583,0.581,0.7,0.6,2
0.514,0.64,0.637,0.629,0.631,2
0.629,0.662,0.588,0.548,0.612,2
0.615,0.617,0.639,0.638,0.616,2
0.553,0.56,0.607,0.576,0.587,2
0.482,0.656,0.567,0.664,0.523,2
0.683,0.652,0.511,0.63,0.542,2
0.637,0.639,0.593,0.59,0.578,2
0.64,0.664,0.647,0.639,0.694,2
0.634,0.589,0.603,0.587,0.57,2
0.603,0.598,0.674,0.565,0.566,2
0.589,0.517,0.659,0.668,0.599,2
0.583,0.625,0.599,0.659,0.605,2
0.675,0.655,0.572,0.624,0.641,2
0.608,0.568,0.612,0.513,0.647,2
0.617,0.544,0.585,0.633,0.521,2
0.686,0.556,0.624,0.653,0.675,2
0.53,0.49,0.595,0.548,0.504,2
0.622,0.683,0.526,0.641,0.524,2
0.593,0.691,0.509,0.666,0.552,2
0.598,0.564,0.559,0.605,0.472,2
0.553,0.699,0.679,0.622,0.663,2
0.603,0.562,0.605,0.662,0.645,2
0.63,0.461,0.587,0.575,0.62,2
0.587,0.513,0.646,0.616,0.572,2
0.511,0.603,0.59,0.648,0.576,2
0.538,0.641,0.531,0.626,0.548,2
0.641,0.7,0.597,0.57,0.587,2
0.57,0.56,0.601,0.523,0.539,2
0.603,0.545,0.622,0.568,0.592,2
0.643,0.582,0.635,0.535,0.551,2
0.581,0.575,0.565,0.523,0.455,2
0.604,0.565,0.554,0.622,0.64,2
0.576,0.568,0.611,0.636,0.543,2
0.627,0.615,0.61,0.657,0.503,2
0.532,0.614,0.628,0.531,0.546,2
0.585,0.585,0.55,0.604,0.655,2
0.665,0.629,0.595,0.506,0.603,2
0.533,0.624,0.607,0.589,0.525,2
0.616,0.525,0.595,0.526,0.567,2
0.562,0.659,0.587,0.635,0.541,2
0.545,0.572,0.6,0.499,0.583,2
0.619,0.496,0.631,0.624,0.575,2
0.642,0.631,0.572,0.535,0.627,2
0.596,0.565,0.524,0.647,0.549,2
0.579,0.552,0.668,0.623,0.649,2
0.622,0.491,0.573,0.614,0.662,2
0.461,0.601,0.61,0.538,0.6,2
0.57,0.652,0.675,0.622,0.613,2
0.642,0.585,0.647,0.586,0.584,2
0.633,0.54,0.613,0.655,0.641,2
0.6,0.554,0.531,0.591,0.653,2
0.492,0.601,0.584,0.562,0.502,2
0.703,0.587,0.613,0.67,0.563,2
0.598,0.577,0.602,0.658,0.569,2
0.501,0.529,0.623,0.63,0.535,2
0.578,0.577,0.63,0.575,0.567,2
0.645,0.587,0.551,0.526,0.607,2
0.669,0.457,0.524,0.61,0.526,2
0.582,0.581,0.573,0.625,0.621,2
0.521,0.62,0.607,0.588,0.583,2
0.53,0.602,0.566,0.596,0.694,2
0.539,0.707,0.628,0.632,0.638,2
0.597,0.519,0.475,0.475,0.54,2
0.602,0.538,0.577,0.595,0.636,2
0.649,0.663,0.655,0.54,0.547,2
0.538,0.587,0.553,0.595,0.61,2
0.569,0.546,0.552,0.596,0.65,2
0.552,0.535,0.638,0.591,0.531,2
0.586,0.507,0.561,0.549,0.64,2
0.544,0.554,0.656,0.633,0.584,2
0.615,0.674,0.583,0.62,0.572,2
0.575,0.544,0.626,0.66,0.593,2
0.569,0.576,0.529,0.513,0.477,2
0.596,0.571,0.567,0.523,0.642,2
0.545,0.541,0.537,0.626,0.65,2
0.517,0.564,0.579,0.624,0.546,2
0.645,0.549,0.567,0.541,0.556,2
0.558,0.536,0.567,0.535,0.463,2
0.654,0.555,0.619,0.593,0.586,2
0.568,0.591,0.586,0.564,0.569,2
0.597,0.536,0.59,0.493,0.592,2
0.546,0.54,0.61,0.618,0.495,2
0.561,0.573,0.552,0.59,0.522,2
0.549,0.609,0.598,0.514,0.589,2
0.615,0.603,0.556,0.546,0.625,2
0.54,0.567,0.6,0.6,0.651,2
0.619,0.561,0.54,0.506,0.487,2
0.627,0.568,0.63,0.588,0.544,2
0.567,0.59,0.564,0.59,0.519,2
0.567,0.575,0.599,0.527,0.567,2
0.59,0.596,0.623,0.558,0.615,2
0.513,0.476,0.566,0.516,0.594,2
0.517,0.625,0.611,0.614,0.606,2
0.531,0.578,0.613,0.53,0.568,2
0.518,0.551,0.593,0.596,0.51,2
0.612,0.589,0.585,0.621,0.516,2
0.537,0.626,0.526,0.451,0.629,2
0.534,0.629,0.493,0.531,0.562,2
0.548,0.509,0.558,0.506,0.579,2
0.535,0.564,0.642,0.538,0.611,2
0.637,0.521,0.558,0.463,0.556,2
0.59,0.607,0.55,0.686,0.577,2
0.528,0.571,0.462,0.531,0.5,2
0.523,0.543,0.475,0.531,0.617,2
0.475,0.532,0.639,0.534,0.619,2
0.647,0.541,0.578,0.555,0.602,2
0.611,0.499,0.528,0.486,0.501,2
0.622,0.49,0.586,0.53,0.499,2
0.55,0.614,0.538,0.576,0.572,2
0.537,0.626,0.528,0.691,0.649,2
0.526,0.59,0.481,0.583,0.624,2
0.61,0.524,0.52,0.606,0.637,2
0.607,0.545,0.541,0.483,0.565,2
0.581,0.547,0.599,0.585,0.625,2
0.561,0.527,0.557,0.623,0.533,2
0.574,0.559,0.586,0.496,0.63,2
0.494,0.479,0.523,0.593,0.519,2
0.523,0.543,0.625,0.645,0.624,2
0.535,0.581,0.652,0.645,0.615,2
0.542,0.619,0.565,0.481,0.484,2
0.583,0.573,0.491,0.59,0.635,2
0.646,0.575,0.591,0.59,0.558,2
0.56,0.623,0.548,0.651,0.448,2
0.538,0.631,0.553,0.587,0.561,2
0.549,0.621,0.586,0.605,0.484,2
0.612,0.5,0.606,0.575,0.594,2
0.534,0.555,0.53,0.604,0.582,2
0.534,0.479,0.514,0.564,0.472,2
0.626,0.629,0.598,0.495,0.558,2
0.531,0.548,0.565,0.631,0.542,2
0.494,0.431,0.524,0.656,0.547,2
0.518,0.581,0.614,0.546,0.563,2
0.633,0.62,0.49,0.565,0.619,2
0.579,0.603,0.577,0.544,0.548,2
0.609,0.554,0.547,0.6,0.605,2
0.564,0.618,0.465,0.586,0.51,2
0.545,0.565,0.511,0.67,0.563,2
0.542,0.618,0.532,0.586,0.63,2
0.592,0.548,0.566,0.708,0.674,2
0.44,0.588,0.536,0.533,0.469,2
0.538,0.603,0.534,0.545,0.694,2
0.572,0.555,0.528,0.503,0.651,2
0.663,0.586,0.559,0.512,0.583,2
0.612,0.533,0.614,0.6,0.533,2
0.508,0.493,0.545,0.483,0.509,2
0.616,0.528,0.544,0.55,0.518,2
0.558,0.561,0.445,0.602,0.503,2
0.555,0.552,0.584,0.609,0.56,2
0.516,0.515,0.52,0.551,0.6,2
0.579,0.55,0.531,0.465,0.562,2
0.494,0.577,0.539,0.501,0.559,2
0.563,0.549,0.644,0.537,0.696,2
0.519,0.575,0.473,0.604,0.476,2
0.568,0.471,0.596,0.564,0.57,2
0.611,0.536,0.552,0.491,0.557,2
0.476,0.583,0.588,0.546,0.559,2
0.604,0.557,0.499,0.564,0.534,2
0.54,0.487,0.536,0.536,0.585,2
0.543,0.6,0.463,0.585,0.547,2
0.571,0.572,0.55,0.583,0.591,2
0.562,0.535,0.527,0.625,0.475,2
0.491,0.501,0.518,0.596,0.636,2
0.556,0.568,0.559,0.524,0.481,2
0.573,0.518,0.525,0.54,0.491,2
0.614,0.59,0.491,0.605,0.572,2
0.534,0.536,0.532,0.53,0.551,2
0.488,0.486,0.565,0.545,0.494,2
0.545,0.408,0.594,0.502,0.559,2
0.58,0.602,0.578,0.542,0.577,2
0.54,0.588,0.605,0.504,0.561,2
0.6,0.623,0.608,0.58,0.56,2
0.51,0.585,0.536,0.517,0.521,2
0.553,0.487,0.594,0.605,0.651,2
0.556,0.559,0.477,0.5,0.558,2
0.654,0.525,0.562,0.518,0.534,2
0.612,0.531,0.604,0.552,0.538,2
0.54,0.578,0.569,0.503,0.625,2
0.559,0.545,0.48,0.564,0.618,2
0.592,0.601,0.559,0.56,0.567,2
0.499,0.534,0.604,0.562,0.601,2
0.498,0.514,0.547,0.639,0.561,2
0.501,0.65,0.558,0.465,0.594,2
0.369,0.569,0.565,0.592,0.425,2
0.54,0.547,0.544,0.583,0.676,2
0.591,0.584,0.47,0.522,0.63,2
0.571,0.527,0.59,0.602,0.591,2
0.549,0.559,0.61,0.546,0.517,2
0.532,0.428,0.536,0.479,0.513,2
0.632,0.561,0.49,0.573,0.607,2
0.552,0.574,0.514,0.508,0.638,2
0.607,0.524,0.547,0.453,0.563,2
0.541,0.532,0.57,0.538,0.632,2
0.513,0.503,0.591,0.553,0.552,2
0.594,0.583,0.638,0.622,0.433,2
0.516,0.618,0.591,0.493,0.529,2
0.544,0.501,0.493,0.504,0.493,2
0.571,0.449,0.587,0.616,0.533,2
0.58,0.581,0.651,0.541,0.502,2
0.541,0.531,0.544,0.541,0.487,2
0.466,0.426,0.565,0.537,0.581,2
0.549,0.556,0.519,0.527,0.546,2
0.473,0.587,0.55,0.424,0.554,2
0.421,0.56,0.605,0.537,0.514,2
0.554,0.582,0.547,0.601,0.5,2
0.537,0.553,0.534,0.559,0.569,2
0.589,0.528,0.534,0.571,0.537,2
0.532,0.566,0.551,0.536,0.481,2
0.565,0.528,0.646,0.548,0.573,2
0.538,0.542,0.555,0.598,0.545,2
0.538,0.579,0.527,0.488,0.539,2
0.562,0.598,0.539,0.459,0.5,2
0.563,0.537,0.603,0.598,0.66,2
0.555,0.566,0.497,0.538,0.467,2
0.548,0.512,0.42,0.541,0.533,2
0.47,0.452,0.519,0.524,0.455,2
0.499,0.503,0.458,0.515,0.489,2
0.678,0.65,0.499,0.578,0.489,2
0.497,0.54,0.536,0.552,0.616,2
0.491,0.594,0.525,0.52,0.5,2
0.551,0.55,0.598,0.428,0.554,2
0.546,0.567,0.505,0.501,0.48,2
0.508,0.563,0.45,0.534,0.576,2
0.524,0.566,0.528,0.528,0.631,2
0.581,0.537,0.517,0.567,0.523,2
0.54,0.481,0.641,0.504,0.51,2
0.465,0.495,0.568,0.493,0.543,2
0.546,0.558,0.542,0.591,0.478,2
0.561,0.46,0.511,0.527,0.42,2
0.527,0.498,0.483,0.462,0.483,2
0.56,0.526,0.553,0.514,0.474,2
0.52,0.567,0.548,0.519,0.556,2
0.547,0.641,0.51,0.506,0.485,2
0.645,0.56,0.694,0.572,0.535,2
0.543,0.549,0.547,0.409,0.488,2
0.516,0.458,0.507,0.595,0.504,2
0.561,0.398,0.525,0.538,0.477,2
0.439,0.539,0.538,0.5,0.536,2
0.579,0.547,0.55,0.533,0.473,2
0.506,0.517,0.532,0.515,0.448,2
0.593,0.657,0.586,0.587,0.576,2
0.505,0.513,0.549,0.506,0.496,2
0.481,0.518,0.475,0.529,0.529,2
0.492,0.57,0.431,0.6,0.485,2
0.497,0.602,0.57,0.52,0.54,2
0.552,0.39,0.582,0.553,0.493,2
0.532,0.517,0.495,0.496,0.586,2
0.529,0.524,0.457,0.549,0.605,2
0.498,0.528,0.532,0.59,0.475,2
0.554,0.5,0.542,0.604,0.495,2
0.526,0.5,0.406,0.557,0.41,2
0.616,0.429,0.52,0.511,0.478,2
0.479,0.588,0.502,0.542,0.623,2
0.629,0.592,0.506,0.362,0.587,2
0.557,0.481,0.549,0.493,0.484,2
0.485,0.56,0.46,0.461,0.491,2
0.515,0.534,0.548,0.52,0.465,2
0.52,0.482,0.528,0.546,0.553,2
0.583,0.455,0.508,0.563,0.452,2
0.563,0.502,0.543,0.539,0.537,2
0.536,0.471,0.521,0.605,0.494,2
0.559,0.495,0.509,0.595,0.509,2
0.515,0.562,0.558,0.445,0.586,2
0.569,0.489,0.523,0.463,0.503,2
0.518,0.522,0.504,0.49,0.533,2
0.596,0.536,0.464,0.581,0.453,2
0.511,0.461,0.506,0.61,0.368,2
0.485,0.438,0.577,0.617,0.532,2
0.584,0.377,0.533,0.547,0.552,2
0.49,0.498,0.486,0.53,0.49,2
0.536,0.501,0.485,0.545,0.517,2
0.458,0.64,0.523,0.496,0.52,2
0.506,0.419,0.408,0.617,0.524,2
0.536,0.511,0.497,0.43,0.55,2
0.44,0.442,0.539,0.525,0.499,2
0.635,0.546,0.627,0.494,0.522,2
0.578,0.566,0.517,0.451,0.447,2
0.533,0.443,0.562,0.573,0.561,2
0.43,0.592,0.525,0.399,0.489,2
0.454,0.517,0.501,0.494,0.516,2
0.459,0.439,0.456,0.447,0.494,2
0.558,0.542,0.518,0.531,0.568,2
0.526,0.577,0.513,0.506,0.573,2
0.486,0.473,0.431,0.512,0.515,2
0.552,0.558,0.521,0.437,0.397,2
0.539,0.525,0.523,0.506,0.493,2
0.413,0.424,0.575,0.602,0.469,2
0.423,0.388,0.437,0.514,0.573,2
0.539,0.537,0.495,0.545,0.465,2
0.531,0.584,0.433,0.603,0.518,2
0.442,0.492,0.504,0.467,0.454,2
0.594,0.505,0.513,0.47,0.453,2
0.489,0.599,0.581,0.59,0.542,2
0.506,0.535,0.468,0.667,0.55,2
0.445,0.462,0.421,0.482,0.508,2
0.586,0.601,0.524,0.493,0.47,2
0.441,0.542,0.515,0.609,0.553,2
0.487,0.511,0.409,0.539,0.546,2
0.503,0.416,0.585,0.454,0.508,2
0.514,0.543,0.496,0.42,0.616,2
0.58,0.491,0.522,0.406,0.565,2
0.591,0.488,0.437,0.437,0.442,2
0.474,0.491,0.547,0.464,0.512,2
0.517,0.58,0.467,0.436,0.456,2
0.527,0.469,0.513,0.538,0.497,2
0.523,0.462,0.516,0.532,0.45,2
0.477,0.536,0.5,0.473,0.451,2
0.407,0.532,0.481,0.488,0.502,2
0.466,0.591,0.538,0.481,0.47,2
0.508,0.566,0.506,0.536,0.448,2
0.395,0.566,0.492,0.542,0.465,2
0.578,0.528,0.495,0.488,0.502,2
0.452,0.526,0.517,0.482,0.436,2
0.46,0.484,0.507,0.488,0.529,2
0.55,0.45,0.514,0.415,0.472,2
0.515,0.485,0.526,0.519,0.454,2
0.495,0.353,0.513,0.454,0.479,2
0.512,0.472,0.548,0.539,0.511,2
0.531,0.456,0.447,0.575,0.507,2
0.448,0.589,0.502,0.426,0.515,2
0.517,0.561,0.492,0.539,0.537,2
0.508,0.418,0.537,0.536,0.455,2
0.479,0.554,0.511,0.519,0.463,2
0.487,0.51,0.454,0.365,0.479,2
0.529,0.484,0.462,0.499,0.553,2
0.518,0.503,0.51,0.475,0.463,2
0.518,0.558,0.589,0.542,0.515,2
0.546,0.484,0.374,0.46,0.533,2
0.546,0.554,0.515,0.563,0.486,2
0.409,0.462,0.47,0.496,0.491,2
0.492,0.613,0.452,0.495,0.488,2
0.473,0.471,0.42,0.508,0.463,2
0.495,0.511,0.408,0.486,0.509,2
0.445,0.428,0.462,0.544,0.489,2
0.533,0.459,0.5,0.507,0.527,2
0.569,0.476,0.55,0.495,0.442,2
0.543,0.46,0.48,0.532,0.482,2
0.508,0.497,0.489,0.53,0.447,2
0.519,0.525,0.513,0.549,0.529,2
0.453,0.505,0.517,0.554,0.607,2
0.514,0.519,0.507,0.405,0.535,2
0.436,0.432,0.504,0.523,0.495,2
0.545,0.575,0.557,0.587,0.471,2
0.53,0.526,0.457,0.488,0.496,2
0.511,0.521,0.441,0.53,0.526,2
0.595,0.505,0.511,0.522,0.547,2
0.563,0.484,0.479,0.493,0.539,2
0.495,0.483,0.464,0.508,0.484,2
0.404,0.471,0.401,0.532,0.507,2
0.387,0.507,0.481,0.548,0.475,2
0.519,0.397,0.453,0.391,0.491,2
0.532,0.538,0.587,0.545,0.602,2
0.475,0.525,0.569,0.559,0.522,2
0.534,0.37,0.548,0.504,0.497,2
0.511,0.563,0.495,0.416,0.492,2
0.516,0.551,0.453,0.388,0.404,2
0.465,0.569,0.513,0.567,0.554,2
0.556,0.558,0.497,0.479,0.495,2
0.52,0.485,0.465,0.53,0.63,2
0.54,0.451,0.48,0.537,0.538,2
0.456,0.524,0.485,0.527,0.541,2
0.452,0.454,0.63,0.467,0.479,2
0.5,0.434,0.579,0.512,0.437,2
0.498,0.499,0.504,0.498,0.341,2
0.502,0.403,0.515,0.502,0.579,2
0.505,0.601,0.577,0.538,0.444,2
0.543,0.574,0.571,0.451,0.597,2
0.465,0.501,0.513,0.496,0.565,2
0.535,0.508,0.537,0.473,0.512,2
0.532,0.53,0.501,0.491,0.511,2
0.54,0.399,0.516,0.457,0.524,2
0.496,0.527,0.476,0.477,0.538,2
0.479,0.395,0.508,0.55,0.436,2
0.498,0.428,0.472,0.509,0.532,2
0.505,0.468,0.551,0.583,0.477,2
0.518,0.495,0.503,0.455,0.489,2
0.499,0.438,0.484,0.48,0.543,2
0.423,0.5,0.478,0.513,0.488,2
0.516,0.418,0.415,0.568,0.447,2
0.455,0.524,0.492,0.503,0.559,2
0.518,0.554,0.483,0.545,0.558,2
0.592,0.45,0.545,0.548,0.447,2
0.402,0.456,0.42,0.622,0.522,2
0.515,0.484,0.512,0.508,0.557,2
0.506,0.55,0.592,0.466,0.493,2
0.543,0.471,0.448,0.533,0.481,2
0.587,0.565,0.468,0.4,0.451,2
0.525,0.501,0.488,0.474,0.487,2
0.497,0.438,0.488,0.601,0.496,2
0.532,0.495,0.483,0.464,0.408,2
0.473,0.535,0.49,0.579,0.542,2
0.551,0.529,0.523,0.533,0.449,2
0.396,0.54,0.473,0.507,0.368,2
0.528,0.442,0.558,0.518,0.478,2
0.552,0.535,0.49,0.463,0.513,2
0.458,0.58,0.463,0.431,0.456,2
0.542,0.492,0.444,0.485,0.436,2
0.53,0.516,0.471,0.509,0.535,2
0.532,0.559,0.456,0.483,0.456,2
0.554,0.543,0.516,0.484,0.428,2
0.539,0.49,0.533,0.47,0.412,2
0.498,0.494,0.439,0.53,0.445,2
0.543,0.492,0.418,0.534,0.558,2
0.566,0.559,0.507,0.479,0.515,2
0.474,0.485,0.488,0.533,0.519,2
0.4,0.498,0.48,0.474,0.484,2
0.517,0.527,0.451,0.568,0.454,2
0.49,0.533,0.388,0.43,0.547,2
0.554,0.496,0.469,0.49,0.507,2
0.397,0.487,0.483,0.584,0.47,2
0.501,0.54,0.485,0.563,0.427,2
0.451,0.442,0.455,0.426,0.558,2
0.475,0.509,0.469,0.523,0.522,2
0.46,0.568,0.391,0.479,0.525,2
0.587,0.539,0.494,0.492,0.502,2
0.52,0.498,0.479,0.509,0.547,2
0.521,0.566,0.528,0.531,0.479,2
0.505,0.459,0.473,0.515,0.501,2
0.613,0.475,0.536,0.545,0.549,2
0.512,0.408,0.566,0.499,0.406,2
0.628,0.546,0.534,0.464,0.512,2
0.56,0.507,0.497,0.468,0.484,2
0.518,0.535,0.579,0.55,0.447,2
0.417,0.484,0.47,0.522,0.475,2
0.493,0.504,0.564,0.473,0.495,2
0.522,0.475,0.511,0.507,0.522,2
0.438,0.587,0.474,0.608,0.51,2
0.53,0.396,0.52,0.444,0.492,2
0.402,0.554,0.597,0.52,0.51,2
0.537,0.482,0.567,0.539,0.511,2
0.483,0.508,0.479,0.54,0.446,2
0.496,0.595,0.499,0.431,0.502,2
0.516,0.539,0.542,0.594,0.492,2
0.534,0.47,0.58,0.552,0.527,2
0.509,0.545,0.517,0.413,0.45,2
0.5,0.498,0.565,0.53,0.5,2
0.561,0.439,0.476,0.526,0.515,2
0.477,0.486,0.495,0.488,0.471,2
0.419,0.492,0.493,0.572,0.504,2
0.499,0.469,0.55,0.446,0.589,2
0.381,0.514,0.523,0.544,0.492,2
0.543,0.492,0.495,0.52,0.437,2
0.511,0.561,0.496,0.553,0.467,2
0.591,0.446,0.439,0.485,0.553,2
0.559,0.483,0.491,0.555,0.461,2
0.529,0.447,0.486,0.443,0.42,2
0.528,0.473,0.452,0.529,0.479,2
0.455,0.506,0.563,0.547,0.38,2
0.567,0.53,0.516,0.486,0.458,2
0.543,0.49,0.492,0.551,0.52,2
0.527,0.486,0.504,0.494,0.455,2
0.495,0.477,0.431,0.526,0.458,2
0.491,0.536,0.412,0.554,0.605,2
0.522,0.505,0.537,0.494,0.552,2
0.466,0.498,0.443,0.544,0.495,2
0.491,0.436,0.544,0.519,0.484,2
0.529,0.487,0.521,0.547,0.569,2
0.414,0.446,0.433,0.435,0.443,2
0.431,0.521,0.468,0.515,0.505,2
0.425,0.506,0.486,0.467,0.506,2
0.463,0.522,0.53,0.429,0.465,2
0.406,0.443,0.499,0.433,0.548,2
0.436,0.647,0.495,0.509,0.48,2
0.463,0.561,0.572,0.494,0.484,2
0.462,0.449,0.508,0.415,0.451,2
0.486,0.498,0.488,0.475,0.52,2
0.518,0.507,0.505,0.435,0.603,2
0.475,0.532,0.503,0.524,0.439,2
0.506,0.441,0.444,0.45,0.443,2
0.475,0.514,0.521,0.544,0.564,2
0.584,0.482,0.505,0.464,0.569,2
0.544,0.555,0.471,0.519,0.461,2
0.496,0.551,0.497,0.512,0.487,2
0.434,0.471,0.432,0.521,0.496,2
0.517,0.375,0.451,0.643,0.492,2
0.494,0.483,0.585,0.46,0.467,2
0.548,0.508,0.53,0.563,0.523,2
0.451,0.539,0.5,0.477,0.481,2
0.536,0.5,0.57,0.457,0.485,2
0.586,0.529,0.428,0.516,0.425,2
0.509,0.482,0.496,0.476,0.402,2
0.518,0.571,0.502,0.538,0.489,2
0.504,0.524,0.545,0.459,0.555,2
0.436,0.521,0.489,0.478,0.469,2
0.516,0.388,0.441,0.41,0.487,2
0.482,0.618,0.501,0.504,0.476,2
0.564,0.523,0.539,0.559,0.599,2
0.527,0.517,0.557,0.441,0.485,2
0.602,0.424,0.527,0.512,0.518,2
0.524,0.56,0.479,0.45,0.43,2
0.548,0.417,0.444,0.607,0.495,2
0.492,0.536,0.548,0.46,0.478,2
0.434,0.472,0.461,0.508,0.555,2
0.528,0.441,0.531,0.552,0.544,2
0.578,0.439,0.527,0.55,0.493,2
0.506,0.526,0.506,0.57,0.507,2
0.432,0.519,0.554,0.349,0.434,2
0.535,0.53,0.473,0.518,0.588,2
0.447,0.549,0.472,0.465,0.408,2
0.487,0.495,0.501,0.535,0.574,2
0.479,0.571,0.477,0.465,0.473,2
0.46,0.492,0.505,0.596,0.561,2
0.553,0.485,0.5,0.532,0.555,2
0.465,0.424,0.552,0.489,0.464,2
0.44,0.559,0.612,0.501,0.487,2
0.547,0.557,0.563,0.495,0.486,2
0.453,0.561,0.447,0.527,0.554,2
0.529,0.456,0.518,0.57,0.473,2
0.6,0.482,0.519,0.465,0.543,2
0.458,0.528,0.537,0.489,0.446,2
0.44,0.501,0.487,0.578,0.342,2
0.599,0.535,0.491,0.549,0.512,2
0.416,0.52,0.55,0.49,0.477,2
0.487,0.444,0.468,0.39,0.511,2
0.582,0.43,0.511,0.512,0.497,2
0.568,0.477,0.52,0.441,0.537,2
0.552,0.504,0.549,0.524,0.56,2
0.472,0.547,0.595,0.396,0.601,2
0.602,0.434,0.484,0.476,0.558,2
0.465,0.56,0.481,0.518,0.581,2
0.49,0.4,0.451,0.535,0.486,2
0.447,0.543,0.603,0.461,0.517,2
0.501,0.561,0.616,0.537,0.538,2
0.401,0.509,0.479,0.519,0.558,2
0.531,0.579,0.632,0.578,0.49,2
0.507,0.533,0.475,0.632,0.543,2
0.463,0.391,0.542,0.555,0.5,2
0.481,0.522,0.421,0.448,0.417,2
0.556,0.441,0.468,0.486,0.525,2
0.523,0.522,0.446,0.541,0.558,2
0.474,0.493,0.448,0.466,0.442,2
0.425,0.478,0.52,0.527,0.384,2
0.572,0.582,0.437,0.616,0.49,2
0.486,0.519,0.541,0.507,0.565,2
0.448,0.505,0.43,0.443,0.472,2
0.473,0.542,0.472,0.556,0.467,2
0.586,0.487,0.622,0.434,0.645,2
0.531,0.458,0.545,0.515,0.485,2
0.48,0.468,0.55,0.478,0.481,2
0.513,0.436,0.489,0.529,0.496,2
0.51,0.389,0.446,0.433,0.503,2
0.495,0.502,0.618,0.475,0.501,2
0.519,0.531,0.53,0.514,0.477,2
0.463,0.493,0.505,0.441,0.501,2
0.488,0.485,0.546,0.497,0.503,2
0.521,0.434,0.466,0.528,0.494,2
0.465,0.56,0.535,0.442,0.53,2
0.514,0.466,0.503,0.541,0.511,2
0.517,0.538,0.54,0.499,0.44,2
0.52,0.54,0.5,0.451,0.523,2
0.55,0.487,0.525,0.526,0.613,2
0.49,0.557,0.449,0.457,0.508,2
0.512,0.433,0.516,0.431,0.576,2
0.489,0.582,0.392,0.565,0.541,2
0.529,0.493,0.455,0.489,0.494,2
0.549,0.514,0.498,0.525,0.441,2
0.498,0.502,0.453,0.568,0.488,2
0.41,0.459,0.586,0.495,0.579,2
0.446,0.449,0.501,0.574,0.514,2
0.493,0.443,0.503,0.507,0.502,2
0.502,0.594,0.543,0.503,0.52,2
0.484,0.498,0.509,0.505,0.432,2
0.515,0.439,0.539,0.581,0.534,2
0.505,0.437,0.558,0.509,0.419,2
0.558,0.515,0.554,0.468,0.402,2
0.572,0.447,0.445,0.554,0.507,2
0.472,0.493,0.47,0.562,0.43,2
0.613,0.443,0.552,0.491,0.467,2
0.511,0.535,0.495,0.474,0.53,2
0.511,0.542,0.496,0.535,0.452,2
0.483,0.499,0.506,0.447,0.577,2
0.521,0.455,0.465,0.566,0.487,2
0.573,0.519,0.557,0.552,0.58,2
0.553,0.531,0.437,0.599,0.487,2
0.529,0.516,0.517,0.478,0.482,2
0.515,0.479,0.535,0.492,0.513,2
0.526,0.543,0.51,0.523,0.458,2
0.472,0.485,0.553,0.44,0.364,2
0.526,0.535,0.455,0.467,0.557,2
0.503,0.489,0.578,0.477,0.577,2
0.517,0.496,0.397,0.479,0.516,2
0.389,0.516,0.488,0.5,0.459,2
0.498,0.407,0.427,0.465,0.454,2
0.476,0.524,0.413,0.527,0.5,2
0.468,0.521,0.481,0.437,0.542,2
0.478,0.527,0.496,0.439,0.555,2
0.492,0.525,0.437,0.506,0.467,2
0.511,0.461,0.533,0.456,0.58,2
0.489,0.509,0.458,0.532,0.515,2
0.501,0.488,0.396,0.56,0.537,2
0.499,0.506,0.476,0.493,0.542,2
0.449,0.375,0.418,0.577,0.53,2
0.482,0.479,0.545,0.551,0.459,2
0.565,0.506,0.445,0.461,0.541,2
0.47,0.479,0.555,0.547,0.519,2
0.546,0.576,0.524,0.476,0.511,2
0.545,0.49,0.523,0.446,0.488,2
0.542,0.553,0.369,0.477,0.485,2
0.465,0.575,0.54,0.491,0.49,2
0.544,0.474,0.498,0.564,0.507,2
0.487,0.434,0.473,0.538,0.525,2
0.601,0.548,0.43,0.459,0.53,2
0.545,0.45,0.489,0.474,0.442,2
0.502,0.48,0.547,0.632,0.51,2
0.423,0.55,0.523,0.464,0.452,2
0.525,0.471,0.596,0.53,0.543,2
0.508,0.496,0.529,0.585,0.555,2
0.523,0.548,0.508,0.501,0.504,2
0.43,0.527,0.486,0.484,0.478,2
0.5,0.459,0.521,0.483,0.507,2
0.526,0.528,0.533,0.517,0.475,2
0.548,0.492,0.578,0.58,0.484,2
0.485,0.517,0.529,0.429,0.556,2
0.496,0.575,0.527,0.583,0.581,2
0.563,0.535,0.435,0.49,0.397,2
0.577,0.589,0.462,0.471,0.52,2
0.45,0.591,0.469,0.489,0.47,2
0.561,0.494,0.574,0.439,0.516,2
0.576,0.503,0.531,0.51,0.504,2
0.583,0.444,0.508,0.493,0.438,2
0.5,0.505,0.46,0.45,0.535,2
0.558,0.466,0.515,0.534,0.586,2
0.475,0.437,0.413,0.512,0.543,2
0.548,0.526,0.468,0.598,0.525,2
0.539,0.479,0.508,0.408,0.598,2
0.458,0.433,0.517,0.473,0.482,2
0.529,0.549,0.51,0.616,0.543,2
0.567,0.549,0.446,0.535,0.511,2
0.527,0.56,0.499,0.655,0.564,2
0.528,0.512,0.589,0.459,0.496,2
0.51,0.541,0.463,0.443,0.396,2
0.483,0.575,0.504,0.478,0.538,2
0.583,0.548,0.49,0.476,0.415,2
0.571,0.45,0.519,0.474,0.435,2
0.538,0.621,0.503,0.503,0.544,2
0.423,0.534,0.497,0.549,0.571,2
0.436,0.529,0.52,0.391,0.444,2
0.503,0.523,0.616,0.431,0.541,2
0.496,0.488,0.408,0.568,0.499,2
0.488,0.501,0.496,0.485,0.494,2
0.49,0.509,0.477,0.48,0.457,2
0.499,0.486,0.485,0.532,0.436,2
0.511,0.459,0.601,0.535,0.49,2
0.574,0.538,0.458,0.503,0.441,2
0.453,0.523,0.421,0.583,0.529,2
0.456,0.552,0.581,0.502,0.551,2
0.525,0.431,0.44,0.576,0.519,2
0.453,0.537,0.489,0.484,0.51,2
0.465,0.482,0.44,0.46,0.516,2
0.559,0.513,0.565,0.509,0.425,2
0.499,0.405,0.475,0.407,0.484,2
0.488,0.436,0.455,0.44,0.529,2
0.468,0.47,0.461,0.592,0.426,2
0.449,0.525,0.59,0.508,0.447,2
0.506,0.526,0.512,0.566,0.518,2
0.486,0.564,0.547,0.4,0.44,2
0.429,0.485,0.441,0.407,0.48,2
0.536,0.533,0.485,0.577,0.508,2
0.523,0.55,0.492,0.352,0.519,2
0.481,0.523,0.563,0.391,0.478,2
0.539,0.484,0.553,0.398,0.527,2
0.543,0.443,0.514,0.403,0.505,2
0.509,0.44,0.522,0.486,0.432,2
0.522,0.49,0.486,0.426,0.388,2
0.488,0.548,0.574,0.524,0.533,2
0.497,0.489,0.435,0.471,0.531,2
0.499,0.435,0.402,0.477,0.499,2
0.511,0.474,0.446,0.473,0.436,2
0.419,0.463,0.526,0.57,0.5,2
0.504,0.419,0.423,0.528,0.541,2
0.57,0.565,0.596,0.538,0.457,2
0.524,0.515,0.517,0.453,0.596,2
0.492,0.425,0.466,0.522,0.386,2
0.501,0.542,0.486,0.5,0.453,2
0.477,0.501,0.537,0.492,0.495,2
0.502,0.558,0.52,0.454,0.575,2
0.447,0.531,0.551,0.556,0.468,2
0.54,0.473,0.535,0.56,0.587,2
0.525,0.47,0.508,0.434,0.459,2
0.507,0.56,0.576,0.518,0.559,2
0.651,0.407,0.586,0.509,0.548,2
0.421,0.554,0.44,0.379,0.537,2
0.487,0.508,0.434,0.437,0.488,2
0.611,0.449,0.496,0.541,0.579,2
0.492,0.514,0.453,0.46,0.567,2
0.513,0.558,0.441,0.517,0.572,2
0.585,0.507,0.44,0.429,0.443,2
0.509,0.552,0.423,0.449,0.473,2
0.524,0.462,0.523,0.532,0.512,2
0.548,0.499,0.508,0.494,0.513,2
0.524,0.58,0.445,0.553,0.482,2
0.557,0.565,0.493,0.429,0.501,2
0.506,0.537,0.545,0.505,0.54,2
0.425,0.57,0.521,0.472,0.513,2
0.471,0.473,0.447,0.426,0.535,2
0.51,0.593,0.559,0.432,0.45,2
0.48,0.535,0.505,0.492,0.516,2
0.54,0.522,0.506,0.497,0.426,2
0.439,0.511,0.434,0.517,0.524,2
0.493,0.478,0.556,0.465,0.518,2
0.551,0.467,0.502,0.504,0.421,2
0.489,0.523,0.463,0.436,0.421,2
0.47,0.415,0.489,0.564,0.539,2
0.561,0.525,0.631,0.426,0.535,2
0.46,0.548,0.482,0.418,0.526,2
0.545,0.386,0.514,0.524,0.594,2
0.427,0.527,0.476,0.521,0.438,2
0.461,0.453,0.441,0.402,0.602,2
0.396,0.48,0.505,0.444,0.458,2
0.5,0.53,0.539,0.471,0.535,2
0.473,0.565,0.491,0.494,0.475,2
0.514,0.554,0.56,0.511,0.556,2
0.444,0.518,0.377,0.433,0.527,2
0.476,0.472,0.441,0.589,0.52,2
0.504,0.447,0.545,0.409,0.484,2
0.431,0.429,0.524,0.414,0.471,2
0.566,0.494,0.494,0.482,0.513,2
0.449,0.487,0.531,0.352,0.477,2
0.545,0.457,0.49,0.49,0.467,2
0.51,0.454,0.496,0.554,0.523,2
0.562,0.524,0.399,0.608,0.505,2
0.43,0.546,0.581,0.51,0.538,2
0.449,0.496,0.402,0.484,0.574,2
0.481,0.477,0.517,0.437,0.458,2
0.55,0.606,0.515,0.434,0.47,2
0.467,0.587,0.554,0.472,0.492,2
0.42,0.464,0.451,0.493,0.453,2
0.43,0.473,0.498,0.526,0.432,2
0.389,0.508,0.436,0.555,0.513,2
0.497,0.541,0.537,0.539,0.542,2
0.538,0.551,0.448,0.544,0.505,2
0.54,0.48,0.429,0.543,0.44,2
0.457,0.466,0.576,0.523,0.556,2
0.516,0.433,0.517,0.557,0.433,2
0.611,0.374,0.517,0.544,0.415,2
0.53,0.423,0.529,0.51,0.405,2
0.444,0.414,0.536,0.526,0.449,2
0.444,0.506,0.446,0.539,0.474,2
0.462,0.452,0.445,0.449,0.496,2
0.44,0.49,0.461,0.546,0.513,2
0.466,0.498,0.543,0.492,0.479,2
0.554,0.606,0.536,0.523,0.517,2
0.51,0.572,0.493,0.514,0.376,2
0.589,0.553,0.546,0.408,0.572,2
0.481,0.496,0.569,0.517,0.539,2
0.462,0.484,0.505,0.527,0.476,2
0.589,0.485,0.467,0.466,0.461,2
0.497,0.565,0.49,0.47,0.607,2
0.592,0.494,0.413,0.546,0.588,2
0.474,0.532,0.514,0.529,0.533,2
0.512,0.558,0.447,0.414,0.426,2
0.595,0.448,0.558,0.559,0.593,2
0.464,0.436,0.506,0.559,0.584,2
0.479,0.504,0.513,0.48,0.491,2
0.395,0.459,0.462,0.439,0.536,2
0.499,0.51,0.519,0.55,0.435,2
0.542,0.519,0.496,0.438,0.423,2
0.455,0.555,0.508,0.511,0.54,2
0.458,0.537,0.499,0.531,0.559,2
0.557,0.444,0.472,0.434,0.409,2
0.418,0.507,0.561,0.468,0.452,2
0.525,0.437,0.604,0.516,0.488,2
0.474,0.456,0.432,0.477,0.599,2
0.463,0.572,0.551,0.488,0.538,2
0.423,0.51,0.562,0.524,0.514,2
0.469,0.446,0.505,0.665,0.527,2
0.433,0.457,0.536,0.536,0.413,2
0.354,0.584,0.485,0.528,0.505,2
0.569,0.483,0.582,0.484,0.436,2
0.467,0.431,0.561,0.578,0.57,2
0.453,0.528,0.559,0.558,0.552,2
0.497,0.503,0.499,0.583,0.499,2
0.535,0.48,0.542,0.395,0.565,2
0.573,0.552,0.554,0.539,0.495,2
0.488,0.493,0.528,0.48,0.451,2
0.52,0.51,0.551,0.448,0.564,2
0.583,0.556,0.466,0.471,0.474,2
0.47,0.467,0.523,0.53,0.505,2
0.503,0.599,0.539,0.516,0.463,2
0.529,0.52,0.481,0.533,0.415,2
0.538,0.531,0.474,0.502,0.513,2
0.563,0.509,0.454,0.54,0.472,2
0.466,0.471,0.475,0.485,0.531,2
0.569,0.427,0.573,0.516,0.461,2
0.534,0.51,0.556,0.431,0.517,2
0.459,0.581,0.486,0.491,0.516,2
0.494,0.466,0.621,0.449,0.521,2
0.388,0.498,0.563,0.469,0.504,2
0.53,0.481,0.556,0.5,0.502,2
0.536,0.499,0.547,0.441,0.557,2
0.566,0.538,0.475,0.591,0.513,2
0.518,0.494,0.587,0.442,0.516,2
0.463,0.477,0.594,0.54,0.508,2
0.5,0.484,0.534,0.447,0.501,2
0.527,0.518,0.471,0.414,0.482,2
0.5,0.49,0.439,0.521,0.495,2
0.506,0.52,0.515,0.51,0.508,2
0.557,0.44,0.537,0.508,0.497,2
0.506,0.481,0.485,0.504,0.467,2
0.438,0.482,0.538,0.473,0.548,2
0.568,0.523,0.498,0.497,0.561,2
0.43,0.479,0.469,0.507,0.482,2
0.529,0.489,0.5,0.492,0.531,2
0.507,0.619,0.542,0.459,0.519,2
0.428,0.405,0.508,0.495,0.456,2
0.584,0.54,0.572,0.573,0.55,2
0.551,0.509,0.542,0.51,0.497,2
0.582,0.491,0.496,0.55,0.495,2
0.527,0.479,0.498,0.473,0.518,2
0.52,0.65,0.536,0.515,0.637,2
0.55,0.554,0.547,0.514,0.487,2
0.481,0.464,0.441,0.519,0.506,2
0.502,0.462,0.488,0.533,0.529,2
0.521,0.514,0.528,0.403,0.593,2
0.508,0.472,0.496,0.462,0.525,2
0.455,0.495,0.525,0.48,0.556,2
0.473,0.586,0.459,0.466,0.539,2
0.501,0.447,0.496,0.491,0.582,2
0.492,0.434,0.467,0.542,0.429,2
0.521,0.429,0.429,0.503,0.574,2
0.433,0.478,0.525,0.551,0.506,2
0.551,0.507,0.455,0.522,0.544,2
0.547,0.488,0.452,0.584,0.491,2
0.584,0.477,0.519,0.524,0.401,2
0.431,0.495,0.463,0.521,0.491,2
0.587,0.474,0.528,0.545,0.437,2
0.555,0.586,0.521,0.38,0.544,2
0.477,0.486,0.427,0.466,0.555,2
0.475,0.426,0.429,0.546,0.548,2
0.455,0.563,0.446,0.519,0.528,2
0.571,0.455,0.413,0.573,0.514,2
0.519,0.471,0.505,0.431,0.519,2
0.612,0.451,0.498,0.437,0.506,2
0.539,0.538,0.485,0.444,0.482,2
0.433,0.532,0.586,0.514,0.451,2
0.539,0.484,0.554,0.456,0.447,2
0.501,0.416,0.505,0.481,0.582,2
0.556,0.473,0.448,0.586,0.563,2
0.467,0.497,0.488,0.503,0.59,2
0.513,0.452,0.508,0.47,0.505,2
0.502,0.496,0.551,0.535,0.449,2
0.526,0.426,0.474,0.474,0.491,2
0.493,0.435,0.603,0.594,0.55,2
0.493,0.528,0.581,0.511,0.447,2
0.529,0.566,0.544,0.429,0.571,2
0.496,0.44,0.55,0.471,0.542,2
0.528,0.484,0.521,0.517,0.59,2
0.458,0.409,0.443,0.55,0.504,2
0.447,0.474,0.419,0.363,0.555,2
0.546,0.486,0.453,0.485,0.554,2
0.46,0.462,0.476,0.455,0.527,2
0.477,0.468,0.56,0.622,0.526,2
0.536,0.529,0.502,0.488,0.435,2
0.546,0.464,0.484,0.427,0.457,2
0.531,0.518,0.494,0.539,0.427,2
0.511,0.537,0.437,0.521,0.573,2
0.478,0.495,0.562,0.518,0.511,2
0.462,0.483,0.377,0.539,0.456,2
0.504,0.519,0.5,0.563,0.506,2
0.504,0.485,0.571,0.438,0.461,2
0.502,0.485,0.46,0.599,0.558,2
0.594,0.538,0.552,0.572,0.434,2
0.545,0.477,0.488,0.496,0.6,2
0.478,0.47,0.477,0.577,0.598,2
0.505,0.462,0.592,0.429,0.487,2
0.537,0.51,0.515,0.492,0.518,2
0.553,0.521,0.522,0.498,0.56,2
0.402,0.591,0.566,0.485,0.514,2
0.505,0.478,0.494,0.48,0.466,2
0.501,0.552,0.559,0.463,0.479,2
0.505,0.493,0.572,0.582,0.498,2
0.496,0.56,0.489,0.507,0.48,2
0.522,0.515,0.405,0.48,0.492,2
0.526,0.423,0.507,0.51,0.432,2
0.556,0.489,0.442,0.496,0.485,2
0.551,0.471,0.477,0.505,0.48,2
0.551,0.471,0.482,0.484,0.525,2
0.498,0.464,0.481,0.5,0.529,2
0.441,0.583,0.533,0.517,0.531,2
0.483,0.564,0.521,0.433,0.53,2
0.461,0.533,0.499,0.546,0.522,2
0.538,0.503,0.441,0.493,0.518,2
0.531,0.536,0.409,0.508,0.551,2
0.477,0.425,0.479,0.49,0.56,2
0.544,0.472,0.453,0.464,0.567,2
0.492,0.512,0.499,0.62,0.594,2
0.486,0.457,0.387,0.536,0.53,2
0.483,0.461,0.545,0.574,0.436,2
0.529,0.565,0.525,0.515,0.43,2
0.548,0.469,0.537,0.494,0.602,2
0.427,0.511,0.586,0.549,0.477,2
0.467,0.503,0.496,0.525,0.446,2
0.55,0.486,0.506,0.513,0.483,2
0.448,0.536,0.404,0.571,0.502,2
0.52,0.453,0.439,0.456,0.59,2
0.493,0.522,0.516,0.536,0.544,2
0.529,0.551,0.536,0.53,0.508,2
0.471,0.508,0.563,0.527,0.558,2
0.487,0.561,0.401,0.518,0.454,2
0.492,0.447,0.458,0.539,0.508,2
0.581,0.52,0.492,0.568,0.536,2
0.532,0.515,0.423,0.542,0.482,2
0.596,0.518,0.505,0.468,0.617,2
0.475,0.527,0.487,0.458,0.448,2
0.505,0.497,0.537,0.482,0.425,2
0.41,0.463,0.545,0.567,0.492,2
0.464,0.508,0.543,0.545,0.507,2
0.491,0.478,0.566,0.567,0.458,2
0.48,0.537,0.423,0.434,0.559,2
0.56,0.502,0.478,0.477,0.466,2
0.416,0.469,0.476,0.601,0.509,2
0.51,0.551,0.53,0.435,0.477,2
0.535,0.505,0.421,0.617,0.427,2
0.471,0.662,0.526,0.435,0.515,2
0.521,0.519,0.513,0.572,0.488,2
0.421,0.5,0.612,0.505,0.58,2
0.493,0.495,0.525,0.442,0.607,2
0.471,0.514,0.435,0.471,0.58,2
0.461,0.489,0.427,0.463,0.534,2
0.441,0.436,0.53,0.482,0.456,2
0.539,0.556,0.492,0.498,0.514,2
0.506,0.473,0.548,0.509,0.584,2
0.427,0.577,0.538,0.522,0.479,2
0.508,0.513,0.573,0.56,0.528,2
0.474,0.491,0.502,0.51,0.489,2
0.556,0.445,0.541,0.438,0.425,2
0.488,0.541,0.509,0.442,0.537,2
0.476,0.505,0.495,0.494,0.531,2
0.496,0.393,0.519,0.538,0.513,2
0.5,0.569,0.538,0.472,0.575,2
0.435,0.6,0.481,0.514,0.458,2
0.491,0.475,0.623,0.544,0.479,2
0.532,0.444,0.478,0.521,0.528,2
0.547,0.506,0.585,0.505,0.527,2
0.521,0.428,0.492,0.531,0.504,2
0.52,0.428,0.413,0.532,0.538,2
0.51,0.503,0.532,0.44,0.415,2
0.568,0.475,0.437,0.479,0.508,2
0.492,0.528,0.517,0.52,0.484,2
0.548,0.417,0.478,0.539,0.474,2
0.502,0.531,0.443,0.538,0.349,2
0.524,0.535,0.501,0.533,0.533,2
0.534,0.507,0.535,0.444,0.458,2
0.5,0.518,0.409,0.529,0.501,2
0.435,0.537,0.562,0.52,0.479,2
0.473,0.457,0.461,0.432,0.505,2
0.572,0.501,0.527,0.56,0.488,2
0.519,0.558,0.576,0.443,0.556,2
0.489,0.557,0.452,0.496,0.542,2
0.492,0.491,0.435,0.423,0.426,2
0.506,0.541,0.515,0.421,0.527,2
0.496,0.513,0.627,0.467,0.454,2
0.553,0.469,0.54,0.52,0.48,2
0.579,0.528,0.454,0.505,0.475,2
0.476,0.581,0.523,0.565,0.596,2
0.441,0.435,0.382,0.453,0.523,2
0.484,0.508,0.525,0.551,0.541,2
0.468,0.562,0.562,0.511,0.518,2
0.486,0.458,0.451,0.485,0.571,2
0.536,0.525,0.51,0.522,0.51,2
0.438,0.508,0.51,0.495,0.461,2
0.459,0.459,0.52,0.522,0.525,2
0.438,0.505,0.483,0.49,0.56,2
0.57,0.459,0.496,0.448,0.496,2
0.518,0.489,0.494,0.528,0.496,2
0.51,0.581,0.515,0.457,0.513,2
0.554,0.465,0.394,0.474,0.522,2
0.53,0.489,0.468,0.497,0.546,2
0.468,0.45,0.45,0.547,0.54,2
0.541,0.577,0.482,0.558,0.544,2
0.523,0.572,0.445,0.534,0.534,2
0.469,0.515,0.559,0.522,0.506,2
0.484,0.6,0.536,0.417,0.527,2
0.545,0.486,0.551,0.568,0.424,2
0.533,0.465,0.52,0.446,0.544,2
0.498,0.428,0.606,0.549,0.469,2
0.538,0.436,0.467,0.577,0.396,2
0.41,0.497,0.554,0.486,0.551,2
0.547,0.579,0.431,0.463,0.505,2
0.491,0.477,0.515,0.552,0.502,2
0.544,0.547,0.471,0.555,0.488,2
0.521,0.507,0.485,0.477,0.512,2
0.451,0.517,0.433,0.503,0.505,2
0.544,0.553,0.507,0.507,0.462,2
0.572,0.43,0.559,0.529,0.468,2
0.596,0.441,0.41,0.534,0.581,2
0.485,0.556,0.406,0.469,0.571,2
0.469,0.499,0.494,0.613,0.429,2
0.491,0.445,0.535,0.466,0.527,2
0.469,0.469,0.454,0.521,0.569,2
0.478,0.496,0.428,0.522,0.637,2
0.452,0.523,0.529,0.424,0.528,2
0.509,0.514,0.429,0.468,0.468,2
0.573,0.46,0.531,0.499,0.492,2
0.523,0.567,0.454,0.415,0.519,2
0.411,0.496,0.502,0.525,0.511,2
0.508,0.472,0.542,0.414,0.562,2
0.45,0.441,0.493,0.494,0.549,2
0.497,0.629,0.467,0.491,0.501,2
0.448,0.438,0.52,0.587,0.513,2
0.569,0.619,0.451,0.487,0.488,2
0.43,0.484,0.454,0.543,0.443,2
0.498,0.612,0.579,0.435,0.491,2
0.494,0.611,0.49,0.485,0.578,2
0.595,0.532,0.543,0.555,0.502,2
0.478,0.468,0.486,0.569,0.522,2
0.502,0.499,0.535,0.528,0.456,2
0.536,0.514,0.44,0.472,0.427,2
0.595,0.538,0.513,0.56,0.429,2
0.496,0.498,0.487,0.499,0.519,2
0.492,0.539,0.547,0.52,0.536,2
0.472,0.464,0.413,0.526,0.566,2
0.548,0.536,0.509,0.542,0.475,2
0.554,0.523,0.566,0.613,0.509,2
0.457,0.496,0.495,0.524,0.53,2
0.454,0.498,0.522,0.512,0.494,2
0.568,0.443,0.472,0.458,0.44,2
0.452,0.479,0.473,0.484,0.449,2
0.547,0.537,0.392,0.59,0.448,2
0.494,0.556,0.533,0.523,0.456,2
0.449,0.564,0.427,0.49,0.51,2
0.516,0.554,0.442,0.53,0.466,2
0.534,0.496,0.517,0.544,0.435,2
0.484,0.453,0.525,0.528,0.539,2
0.476,0.528,0.501,0.573,0.508,2
0.441,0.49,0.549,0.488,0.481,2
0.564,0.457,0.492,0.513,0.474,2
0.443,0.494,0.552,0.435,0.48,2
0.524,0.589,0.501,0.494,0.511,2
0.456,0.551,0.578,0.536,0.575,2
0.442,0.527,0.477,0.469,0.544,2
0.52,0.499,0.482,0.457,0.592,2
0.471,0.531,0.529,0.523,0.519,2
0.447,0.541,0.603,0.437,0.486,2
0.397,0.518,0.539,0.44,0.503,2
0.465,0.564,0.428,0.584,0.473,2
0.39,0.522,0.524,0.492,0.543,2
0.459,0.517,0.52,0.492,0.428,2
0.529,0.484,0.503,0.483,0.481,2
0.507,0.584,0.542,0.492,0.46,2
0.526,0.57,0.396,0.507,0.545,2
0.49,0.447,0.418,0.481,0.449,2
0.417,0.516,0.544,0.424,0.596,2
0.433,0.471,0.441,0.452,0.508,2
0.487,0.448,0.507,0.45,0.46,2
0.512,0.437,0.45,0.429,0.568,2
0.53,0.582,0.569,0.507,0.48,2
0.522,0.518,0.464,0.548,0.557,2
0.48,0.457,0.513,0.431,0.531,2
0.492,0.534,0.444,0.502,0.463,2
0.494,0.494,0.576,0.51,0.463,2
0.505,0.523,0.508,0.429,0.503,2
0.582,0.572,0.461,0.573,0.516,2
0.511,0.472,0.394,0.489,0.506,2
0.55,0.51,0.426,0.47,0.453,2
0.416,0.557,0.464,0.573,0.415,2
0.513,0.542,0.421,0.496,0.433,2
0.582,0.481,0.486,0.449,0.476,2
0.532,0.521,0.505,0.606,0.448,2
0.498,0.435,0.427,0.484,0.467,2
0.557,0.585,0.636,0.588,0.473,2
0.501,0.471,0.456,0.537,0.548,2
0.477,0.558,0.491,0.604,0.622,2
0.413,0.474,0.5,0.591,0.501,2
0.47,0.424,0.494,0.491,0.488,2
0.51,0.472,0.578,0.511,0.457,2
0.446,0.466,0.482,0.529,0.564,2
0.58,0.441,0.542,0.487,0.398,2
0.489,0.469,0.51,0.606,0.562,2
0.409,0.442,0.554,0.517,0.471,2
0.609,0.509,0.513,0.505,0.588,2
0.53,0.484,0.49,0.477,0.509,2
0.619,0.503,0.537,0.451,0.559,2
0.517,0.536,0.496,0.487,0.462,2
0.447,0.589,0.475,0.481,0.471,2
0.436,0.514,0.612,0.481,0.432,2
0.481,0.511,0.506,0.45,0.43,2
0.485,0.409,0.493,0.517,0.521,2
0.46,0.455,0.416,0.617,0.503,2
0.458,0.425,0.52,0.498,0.555,2
0.546,0.501,0.496,0.481,0.583,2
0.345,0.545,0.51,0.467,0.49,2
0.507,0.463,0.534,0.459,0.562,2
0.471,0.47,0.472,0.541,0.549,2
0.583,0.493,0.533,0.54,0.52,2
0.681,0.495,0.453,0.579,0.515,2
0.452,0.532,0.4,0.513,0.443,2
0.497,0.518,0.481,0.411,0.482,2
0.524,0.612,0.444,0.525,0.476,2
0.46,0.562,0.538,0.563,0.44,2
0.56,0.596,0.514,0.526,0.452,2
0.524,0.424,0.493,0.577,0.505,2
0.524,0.568,0.543,0.526,0.512,2
0.472,0.432,0.478,0.465,0.429,2
0.502,0.5,0.483,0.564,0.523,2
0.44,0.535,0.527,0.459,0.46,2
0.525,0.536,0.453,0.465,0.482,2
0.56,0.524,0.559,0.56,0.485,2
0.454,0.604,0.604,0.442,0.478,2
0.583,0.594,0.577,0.456,0.537,2
0.443,0.468,0.526,0.492,0.596,2
0.474,0.531,0.466,0.551,0.534,2
0.522,0.512,0.56,0.491,0.598,2
0.525,0.49,0.511,0.494,0.469,2
0.49,0.577,0.551,0.61,0.403,2
0.461,0.467,0.545,0.535,0.511,2
0.527,0.503,0.509,0.524,0.497,2
0.472,0.488,0.486,0.405,0.496,2
0.539,0.509,0.381,0.443,0.442,2
0.542,0.408,0.636,0.551,0.583,2
0.471,0.519,0.547,0.544,0.422,2
0.569,0.623,0.511,0.494,0.492,2
0.526,0.529,0.523,0.544,0.493,2
0.473,0.48,0.438,0.463,0.543,2
0.519,0.432,0.577,0.497,0.452,2
0.592,0.467,0.416,0.503,0.457,2
0.62,0.458,0.466,0.538,0.51,2
0.442,0.547,0.515,0.572,0.45,2
0.472,0.532,0.533,0.487,0.491,2
0.516,0.461,0.536,0.441,0.481,2
0.521,0.458,0.523,0.476,0.499,2
0.461,0.513,0.54,0.498,0.464,2
0.543,0.483,0.449,0.485,0.528,2
0.544,0.447,0.502,0.467,0.527,2
0.489,0.527,0.559,0.43,0.44,2
0.51,0.56,0.502,0.471,0.476,2
0.511,0.428,0.509,0.432,0.519,2
0.592,0.5,0.537,0.552,0.492,2
0.463,0.474,0.454,0.49,0.507,2
0.412,0.493,0.516,0.513,0.5,2
0.518,0.535,0.421,0.518,0.555,2
0.503,0.479,0.61,0.504,0.416,2
0.43,0.468,0.395,0.536,0.472,2
0.502,0.543,0.492,0.425,0.415,2
0.434,0.385,0.564,0.502,0.551,2
0.509,0.42,0.635,0.511,0.509,2
0.552,0.557,0.656,0.505,0.532,2
0.505,0.46,0.484,0.442,0.587,2
0.536,0.543,0.493,0.576,0.483,2
0.468,0.51,0.557,0.553,0.435,2
0.534,0.583,0.496,0.477,0.546,2
0.557,0.464,0.482,0.534,0.463,2
0.522,0.551,0.494,0.563,0.526,2
0.459,0.53,0.568,0.512,0.51,2
0.477,0.527,0.528,0.574,0.476,2
0.534,0.537,0.489,0.506,0.363,2
0.528,0.411,0.453,0.453,0.491,2
0.518,0.443,0.402,0.474,0.539,2
0.501,0.465,0.488,0.504,0.503,2
0.473,0.538,0.589,0.471,0.517,2
0.454,0.518,0.528,0.5,0.537,2
0.523,0.373,0.52,0.484,0.417,2
0.498,0.415,0.499,0.523,0.5,2
0.488,0.499,0.525,0.572,0.489,2
0.493,0.505,0.487,0.488,0.481,2
0.491,0.518,0.468,0.509,0.465,2
0.467,0.469,0.574,0.537,0.54,2
0.484,0.544,0.509,0.45,0.456,2
0.558,0.572,0.567,0.46,0.469,2
0.518,0.54,0.385,0.533,0.49,2
0.519,0.408,0.437,0.488,0.541,2
0.489,0.435,0.597,0.46,0.439,2
0.545,0.517,0.52,0.454,0.434,2
0.574,0.519,0.525,0.496,0.477,2
0.498,0.556,0.506,0.446,0.433,2
0.514,0.573,0.531,0.497,0.511,2
0.492,0.538,0.548,0.463,0.481,2
0.43,0.501,0.604,0.423,0.58,2
0.512,0.507,0.483,0.476,0.557,2
0.493,0.553,0.549,0.478,0.546,2
0.49,0.477,0.474,0.45,0.576,2
0.577,0.588,0.477,0.529,0.481,2
0.513,0.521,0.432,0.534,0.514,2
0.508,0.464,0.499,0.479,0.48,2
0.469,0.479,0.482,0.492,0.485,2
0.531,0.416,0.521,0.509,0.508,2
0.539,0.546,0.498,0.501,0.471,2
0.464,0.443,0.461,0.494,0.452,2
0.513,0.536,0.497,0.507,0.505,2
0.5,0.508,0.452,0.513,0.465,2
0.431,0.502,0.563,0.446,0.483,2
0.543,0.563,0.523,0.445,0.499,2
0.471,0.522,0.507,0.461,0.437,2
0.451,0.514,0.549,0.472,0.43,2
0.494,0.518,0.493,0.473,0.515,2
0.439,0.516,0.511,0.503,0.563,2
0.521,0.523,0.579,0.525,0.53,2
0.522,0.484,0.516,0.489,0.526,2
0.55,0.536,0.455,0.486,0.501,2
0.513,0.469,0.49,0.488,0.397,2
0.471,0.446,0.488,0.43,0.517,2
0.594,0.505,0.564,0.49,0.482,2
0.553,0.478,0.501,0.549,0.583,2
0.507,0.464,0.477,0.443,0.505,2
0.51,0.503,0.526,0.528,0.482,2
0.415,0.608,0.477,0.449,0.514,2
0.494,0.547,0.524,0.414,0.455,2
0.416,0.486,0.528,0.441,0.516,2
0.521,0.512,0.516,0.418,0.436,2
0.438,0.487,0.537,0.455,0.552,2
0.532,0.539,0.451,0.579,0.456,2
0.468,0.463,0.5,0.428,0.525,2
0.562,0.556,0.448,0.5,0.533,2
0.541,0.456,0.474,0.534,0.538,2
0.554,0.4,0.467,0.513,0.547,2
0.508,0.506,0.522,0.406,0.473,2
0.459,0.506,0.53,0.499,0.549,2
0.559,0.576,0.463,0.488,0.548,2
0.538,0.518,0.462,0.531,0.466,2
0.501,0.508,0.541,0.492,0.483,2
0.416,0.523,0.488,0.472,0.477,2
0.457,0.49,0.534,0.377,0.41,2
0.497,0.466,0.535,0.482,0.537,2
0.506,0.476,0.557,0.439,0.473,2
0.594,0.434,0.513,0.562,0.507,2
0.464,0.561,0.511,0.432,0.506,2
0.468,0.461,0.514,0.595,0.506,2
0.435,0.552,0.612,0.514,0.423,2
0.523,0.492,0.464,0.455,0.542,2
0.516,0.503,0.518,0.513,0.491,2
0.497,0.424,0.482,0.49,0.475,2
0.508,0.532,0.548,0.49,0.499,2
0.447,0.488,0.37,0.425,0.487,2
0.51,0.521,0.46,0.435,0.522,2
0.52,0.422,0.447,0.421,0.459,2
0.506,0.447,0.454,0.528,0.51,2
0.516,0.483,0.529,0.528,0.554,2
0.43,0.547,0.496,0.495,0.437,2
0.477,0.495,0.622,0.452,0.447,2
0.524,0.449,0.444,0.576,0.479,2
0.469,0.521,0.533,0.499,0.556,2
0.538,0.547,0.494,0.445,0.574,2
0.497,0.416,0.554,0.541,0.473,2
0.478,0.551,0.469,0.581,0.551,2
0.524,0.595,0.482,0.43,0.513,2
0.489,0.381,0.477,0.492,0.477,2
0.525,0.59,0.447,0.5,0.468,2
0.501,0.488,0.472,0.431,0.558,2
0.481,0.451,0.569,0.565,0.561,2
0.532,0.461,0.493,0.594,0.522,2
0.475,0.563,0.553,0.52,0.524,2
0.54,0.483,0.558,0.482,0.531,2
0.463,0.398,0.516,0.467,0.446,2
0.462,0.501,0.474,0.46,0.505,2
0.493,0.432,0.562,0.591,0.518,2
0.396,0.572,0.556,0.561,0.529,2
0.497,0.456,0.514,0.487,0.49,2
0.359,0.536,0.488,0.448,0.502,2
0.55,0.606,0.565,0.36,0.486,2
0.451,0.575,0.518,0.449,0.54,2
0.497,0.539,0.536,0.429,0.459,2
0.485,0.541,0.528,0.511,0.433,2
0.586,0.505,0.45,0.509,0.476,2
0.461,0.515,0.496,0.434,0.46,2
0.464,0.597,0.451,0.473,0.424,2
0.419,0.642,0.529,0.423,0.435,2
0.484,0.447,0.431,0.42,0.443,2
0.606,0.547,0.477,0.481,0.499,2
0.535,0.624,0.385,0.522,0.445,2
0.517,0.537,0.543,0.506,0.541,2
0.612,0.508,0.475,0.568,0.451,2
0.435,0.521,0.492,0.424,0.431,2
0.519,0.469,0.519,0.452,0.527,2
0.483,0.504,0.543,0.518,0.487,2
0.43,0.48,0.485,0.537,0.461,2
0.628,0.528,0.471,0.464,0.435,2
0.522,0.534,0.53,0.422,0.568,2
0.503,0.457,0.517,0.517,0.487,2
0.47,0.448,0.423,0.383,0.465,2
0.52,0.45,0.457,0.547,0.535,2
0.522,0.558,0.471,0.397,0.457,2
0.509,0.513,0.477,0.58,0.371,2
0.472,0.436,0.407,0.495,0.485,2
0.513,0.571,0.45,0.533,0.506,2
0.449,0.546,0.527,0.56,0.513,2
0.499,0.536,0.49,0.464,0.533,2
0.398,0.441,0.473,0.514,0.523,2
0.54,0.506,0.549,0.48,0.491,2
0.585,0.537,0.507,0.468,0.458,2
0.415,0.523,0.416,0.486,0.538,2
0.481,0.479,0.553,0.501,0.536,2
0.574,0.496,0.532,0.526,0.43,2
0.465,0.491,0.503,0.534,0.419,2
0.586,0.496,0.451,0.531,0.478,2
0.552,0.512,0.533,0.415,0.517,2
0.534,0.454,0.481,0.481,0.482,2
0.495,0.509,0.495,0.545,0.533,2
0.443,0.422,0.611,0.543,0.443,2
0.583,0.464,0.568,0.495,0.582,2
0.422,0.556,0.417,0.5,0.553,2
0.584,0.442,0.461,0.521,0.49,2
0.52,0.533,0.461,0.553,0.515,2
0.52,0.442,0.585,0.502,0.514,2
0.456,0.539,0.545,0.388,0.532,2
0.582,0.493,0.461,0.468,0.408,2
0.589,0.44,0.529,0.47,0.475,2
0.577,0.508,0.405,0.526,0.437,2
0.421,0.536,0.46,0.592,0.531,2
0.421,0.425,0.612,0.563,0.513,2
0.559,0.535,0.382,0.55,0.478,2
0.47,0.549,0.466,0.541,0.467,2
0.565,0.572,0.537,0.491,0.505,2
0.548,0.533,0.483,0.562,0.495,2
0.469,0.493,0.533,0.567,0.485,2
0.466,0.459,0.49,0.499,0.613,2
0.483,0.451,0.598,0.447,0.431,2
0.434,0.543,0.509,0.465,0.492,2
0.513,0.538,0.426,0.497,0.531,2
0.482,0.493,0.53,0.446,0.522,2
0.539,0.46,0.514,0.526,0.505,2
0.594,0.534,0.539,0.452,0.628,2
0.366,0.472,0.513,0.433,0.566,2
0.412,0.492,0.442,0.439,0.5,2
0.572,0.424,0.463,0.447,0.535,2
0.547,0.516,0.479,0.542,0.595,2
0.511,0.52,0.503,0.505,0.446,2
0.44,0.468,0.578,0.546,0.498,2
0.498,0.469,0.608,0.518,0.478,2
0.553,0.442,0.441,0.515,0.501,2
0.484,0.509,0.544,0.573,0.596,2
0.499,0.465,0.486,0.538,0.473,2
0.472,0.433,0.496,0.499,0.42,2
0.507,0.562,0.487,0.475,0.509,2
0.553,0.45,0.527,0.559,0.41,2
0.467,0.511,0.539,0.538,0.491,2
0.546,0.449,0.513,0.452,0.406,2
0.409,0.577,0.459,0.515,0.567,2
0.518,0.594,0.44,0.428,0.444,2
0.495,0.558,0.507,0.452,0.494,2
0.541,0.503,0.541,0.455,0.499,2
0.417,0.449,0.448,0.518,0.498,2
0.593,0.582,0.514,0.503,0.55,2
0.45,0.527,0.6,0.516,0.599,2
0.514,0.459,0.522,0.481,0.551,2
0.507,0.52,0.477,0.552,0.523,2
0.584,0.562,0.524,0.517,0.43,2
